Type,EntryPrice,ExitPrice,NetProfit,Reason
LONG,81281,81108.4,-126.14,sl
SHORT,81099,81104.1,-22.7937,sl
SHORT,81148.9,81321.3,-123.871,sl
SHORT,81273,81445.7,-122.075,sl
SHORT,81241,81413.6,-120.271,sl
LONG,81411,81237.9,-118.527,sl
SHORT,81133.6,81306.2,-116.954,sl
SHORT,81201,81373.4,-115.026,sl
LONG,81441.6,81268.7,-113.265,sl
SHORT,81381,81553.9,-111.725,sl
LONG,81525.5,81352.4,-109.963,sl
LONG,81305,82921,836.498,tp
LONG,83546,85206.9,916.443,tp
LONG,84932.1,84752.2,-129.793,sl
SHORT,84543.2,84723.3,-128.592,sl
SHORT,84550.8,84730,-126.159,sl
LONG,84760.6,86445.7,960.524,tp
LONG,86243,86238,-24.768,sl
SHORT,86245,86250.4,-24.9171,sl
LONG,86332.2,86149.2,-134.931,sl
LONG,85955,85773,-132.826,sl
LONG,85925,85743,-130.94,sl
LONG,85781,85599.4,-128.997,sl
LONG,86043,86203.6,74.0086,end of backtest
