Rank,Parameters,EntryTime,ExitTime,Type,EntryPrice,ExitPrice,NetProfit,Reason
1,delta=1;sl_pct=0.002;tp_pct=0.02;,1787152200574,1787153249576,LONG,66515.6,67835.8,972.121,tp
1,delta=1;sl_pct=0.002;tp_pct=0.02;,1787172840083,1787172917835,LONG,69164,69015.5,-139.418,sl
1,delta=1;sl_pct=0.002;tp_pct=0.02;,1787240100052,1787240119142,LONG,72519.9,72364.7,-136.967,sl
1,delta=1;sl_pct=0.002;tp_pct=0.02;,1787271660181,1787276848413,LONG,73665,75128.2,1034.36,tp
1,delta=1;sl_pct=0.002;tp_pct=0.02;,1787279820037,1787280360132,LONG,74769.4,74609.7,-147.594,sl
1,delta=1;sl_pct=0.002;tp_pct=0.02;,1787298420063,1787298652929,LONG,76564,76400.8,-145.186,sl
1,delta=1;sl_pct=0.002;tp_pct=0.02;,1787301900164,1787302711532,LONG,77652.3,79195.4,1100.33,tp
1,delta=1;sl_pct=0.002;tp_pct=0.02;,1787305560012,1787305627928,LONG,78310.8,78142.5,-157.847,sl
1,delta=1;sl_pct=0.002;tp_pct=0.02;,1787312340636,1787312552818,LONG,77030.5,76865.8,-154.793,sl
1,delta=1;sl_pct=0.002;tp_pct=0.02;,1787320260009,1787320324274,LONG,77665.9,77499.8,-152.583,sl
1,delta=1;sl_pct=0.002;tp_pct=0.02;,1787351100009,1787351434641,LONG,78524.4,78356.9,-149.966,sl
1,delta=1;sl_pct=0.002;tp_pct=0.02;,1787375640058,1787375725332,SHORT,77322.7,77488,-148.123,sl
1,delta=1;sl_pct=0.002;tp_pct=0.02;,1787496420131,1787508460006,LONG,77062.6,77134.6,30.6968,be
1,delta=1;sl_pct=0.002;tp_pct=0.02;,1787578920372,1787578953214,LONG,78592.6,78425.3,-145.42,sl
1,delta=1;sl_pct=0.002;tp_pct=0.02;,1787581620438,1787583192423,LONG,79227,79301.1,30.3737,be
1,delta=1;sl_pct=0.002;tp_pct=0.02;,1787586360089,1787586561771,LONG,79373.5,79204.6,-143.402,sl
1,delta=1;sl_pct=0.002;tp_pct=0.02;,1787591040144,1787591045883,LONG,78833,78792.7,-50.906,daily_loss_limit
1,delta=1;sl_pct=0.002;tp_pct=0.02;,1787926200061,1787926657872,SHORT,78834.6,78761,29.627,be
1,delta=1;sl_pct=0.002;tp_pct=0.02;,1787933100235,1787933190425,SHORT,78057,78223.3,-140.691,sl
2,delta=1.1;sl_pct=0.002;tp_pct=0.02;,1787152200574,1787153249576,LONG,66515.6,67835.8,972.121,tp
2,delta=1.1;sl_pct=0.002;tp_pct=0.02;,1787172840083,1787172917835,LONG,69164,69015.5,-139.418,sl
2,delta=1.1;sl_pct=0.002;tp_pct=0.02;,1787240100052,1787240119142,LONG,72519.9,72364.7,-136.967,sl
2,delta=1.1;sl_pct=0.002;tp_pct=0.02;,1787271660181,1787276848413,LONG,73665,75128.2,1034.36,tp
2,delta=1.1;sl_pct=0.002;tp_pct=0.02;,1787279820037,1787280360132,LONG,74769.4,74609.7,-147.594,sl
2,delta=1.1;sl_pct=0.002;tp_pct=0.02;,1787298420063,1787298652929,LONG,76564,76400.8,-145.186,sl
2,delta=1.1;sl_pct=0.002;tp_pct=0.02;,1787301900164,1787302711532,LONG,77652.3,79195.4,1100.33,tp
2,delta=1.1;sl_pct=0.002;tp_pct=0.02;,1787305560012,1787305627928,LONG,78310.8,78142.5,-157.847,sl
2,delta=1.1;sl_pct=0.002;tp_pct=0.02;,1787312340636,1787312552818,LONG,77030.5,76865.8,-154.793,sl
2,delta=1.1;sl_pct=0.002;tp_pct=0.02;,1787320260009,1787320324274,LONG,77665.9,77499.8,-152.583,sl
2,delta=1.1;sl_pct=0.002;tp_pct=0.02;,1787351100009,1787351434641,LONG,78524.4,78356.9,-149.966,sl
2,delta=1.1;sl_pct=0.002;tp_pct=0.02;,1787375640058,1787375725332,SHORT,77322.7,77488,-148.123,sl
2,delta=1.1;sl_pct=0.002;tp_pct=0.02;,1787496420131,1787508460006,LONG,77062.6,77134.6,30.6968,be
2,delta=1.1;sl_pct=0.002;tp_pct=0.02;,1787578920372,1787578953214,LONG,78592.6,78425.3,-145.42,sl
2,delta=1.1;sl_pct=0.002;tp_pct=0.02;,1787581620438,1787583192423,LONG,79227,79301.1,30.3737,be
2,delta=1.1;sl_pct=0.002;tp_pct=0.02;,1787586360089,1787586561771,LONG,79373.5,79204.6,-143.402,sl
2,delta=1.1;sl_pct=0.002;tp_pct=0.02;,1787591040144,1787591045883,LONG,78833,78792.7,-50.906,daily_loss_limit
2,delta=1.1;sl_pct=0.002;tp_pct=0.02;,1787926200061,1787926657872,SHORT,78834.6,78761,29.627,be
2,delta=1.1;sl_pct=0.002;tp_pct=0.02;,1787933100235,1787933190425,SHORT,78057,78223.3,-140.691,sl
3,delta=0.9;sl_pct=0.002;tp_pct=0.02;,1787152200574,1787153249576,LONG,66515.6,67835.8,972.121,tp
3,delta=0.9;sl_pct=0.002;tp_pct=0.02;,1787172840083,1787172917835,LONG,69164,69015.5,-139.418,sl
3,delta=0.9;sl_pct=0.002;tp_pct=0.02;,1787240100052,1787240119142,LONG,72519.9,72364.7,-136.967,sl
3,delta=0.9;sl_pct=0.002;tp_pct=0.02;,1787271660181,1787276848413,LONG,73665,75128.2,1034.36,tp
3,delta=0.9;sl_pct=0.002;tp_pct=0.02;,1787279820037,1787280360132,LONG,74769.4,74609.7,-147.594,sl
3,delta=0.9;sl_pct=0.002;tp_pct=0.02;,1787298420063,1787298652929,LONG,76564,76400.8,-145.186,sl
3,delta=0.9;sl_pct=0.002;tp_pct=0.02;,1787301900164,1787302711532,LONG,77652.3,79195.4,1100.33,tp
3,delta=0.9;sl_pct=0.002;tp_pct=0.02;,1787305560012,1787305627928,LONG,78310.8,78142.5,-157.847,sl
3,delta=0.9;sl_pct=0.002;tp_pct=0.02;,1787312340636,1787312552818,LONG,77030.5,76865.8,-154.793,sl
3,delta=0.9;sl_pct=0.002;tp_pct=0.02;,1787320260009,1787320324274,LONG,77665.9,77499.8,-152.583,sl
3,delta=0.9;sl_pct=0.002;tp_pct=0.02;,1787351100009,1787351434641,LONG,78524.4,78356.9,-149.966,sl
3,delta=0.9;sl_pct=0.002;tp_pct=0.02;,1787375640058,1787375725332,SHORT,77322.7,77488,-148.123,sl
3,delta=0.9;sl_pct=0.002;tp_pct=0.02;,1787496420131,1787508460006,LONG,77062.6,77134.6,30.6968,be
3,delta=0.9;sl_pct=0.002;tp_pct=0.02;,1787578920372,1787578953214,LONG,78592.6,78425.3,-145.42,sl
3,delta=0.9;sl_pct=0.002;tp_pct=0.02;,1787581620438,1787583192423,LONG,79227,79301.1,30.3737,be
3,delta=0.9;sl_pct=0.002;tp_pct=0.02;,1787586360089,1787586561771,LONG,79373.5,79204.6,-143.402,sl
3,delta=0.9;sl_pct=0.002;tp_pct=0.02;,1787591040144,1787591045883,LONG,78833,78792.7,-50.906,daily_loss_limit
3,delta=0.9;sl_pct=0.002;tp_pct=0.02;,1787926200061,1787926657872,SHORT,78834.6,78761,29.627,be
3,delta=0.9;sl_pct=0.002;tp_pct=0.02;,1787933100235,1787933190425,SHORT,78057,78223.3,-140.691,sl
4,delta=0.8;sl_pct=0.002;tp_pct=0.02;,1787152200574,1787153249576,LONG,66515.6,67835.8,972.121,tp
4,delta=0.8;sl_pct=0.002;tp_pct=0.02;,1787172840083,1787172917835,LONG,69164,69015.5,-139.418,sl
4,delta=0.8;sl_pct=0.002;tp_pct=0.02;,1787240100052,1787240119142,LONG,72519.9,72364.7,-136.967,sl
4,delta=0.8;sl_pct=0.002;tp_pct=0.02;,1787271660181,1787276848413,LONG,73665,75128.2,1034.36,tp
4,delta=0.8;sl_pct=0.002;tp_pct=0.02;,1787279820037,1787280360132,LONG,74769.4,74609.7,-147.594,sl
4,delta=0.8;sl_pct=0.002;tp_pct=0.02;,1787298420063,1787298652929,LONG,76564,76400.8,-145.186,sl
4,delta=0.8;sl_pct=0.002;tp_pct=0.02;,1787301900164,1787302711532,LONG,77652.3,79195.4,1100.33,tp
4,delta=0.8;sl_pct=0.002;tp_pct=0.02;,1787305560012,1787305627928,LONG,78310.8,78142.5,-157.847,sl
4,delta=0.8;sl_pct=0.002;tp_pct=0.02;,1787312340636,1787312552818,LONG,77030.5,76865.8,-154.793,sl
4,delta=0.8;sl_pct=0.002;tp_pct=0.02;,1787320260009,1787320324274,LONG,77665.9,77499.8,-152.583,sl
4,delta=0.8;sl_pct=0.002;tp_pct=0.02;,1787351100009,1787351434641,LONG,78524.4,78356.9,-149.966,sl
4,delta=0.8;sl_pct=0.002;tp_pct=0.02;,1787375640058,1787375725332,SHORT,77322.7,77488,-148.123,sl
4,delta=0.8;sl_pct=0.002;tp_pct=0.02;,1787496420131,1787508460006,LONG,77062.6,77134.6,30.6968,be
4,delta=0.8;sl_pct=0.002;tp_pct=0.02;,1787578920372,1787578953214,LONG,78592.6,78425.3,-145.42,sl
4,delta=0.8;sl_pct=0.002;tp_pct=0.02;,1787581620438,1787583192423,LONG,79227,79301.1,30.3737,be
4,delta=0.8;sl_pct=0.002;tp_pct=0.02;,1787586360089,1787586561771,LONG,79373.5,79204.6,-143.402,sl
4,delta=0.8;sl_pct=0.002;tp_pct=0.02;,1787591040144,1787591045883,LONG,78833,78792.7,-50.906,daily_loss_limit
4,delta=0.8;sl_pct=0.002;tp_pct=0.02;,1787926200061,1787926657872,SHORT,78834.6,78761,29.627,be
4,delta=0.8;sl_pct=0.002;tp_pct=0.02;,1787933100235,1787933190425,SHORT,78057,78223.3,-140.691,sl
5,delta=1;sl_pct=0.003;tp_pct=0.015;,1787152200574,1787153216715,LONG,66515.6,67503.3,481.512,tp
5,delta=1;sl_pct=0.003;tp_pct=0.015;,1787172840083,1787173950920,LONG,69164,69159,-16.5005,be
5,delta=1;sl_pct=0.003;tp_pct=0.015;,1787240100052,1787240182931,LONG,72519.9,72292.3,-123.066,sl
5,delta=1;sl_pct=0.003;tp_pct=0.015;,1787271660181,1787275093170,LONG,73665,74759.9,496.455,tp
5,delta=1;sl_pct=0.003;tp_pct=0.015;,1787279820037,1787280424069,LONG,74769.4,74535,-127.003,sl
5,delta=1;sl_pct=0.003;tp_pct=0.015;,1787298420063,1787298735412,LONG,76564,76324.2,-125.239,sl
5,delta=1;sl_pct=0.003;tp_pct=0.015;,1787301900164,1787302622139,LONG,77652.3,78807.2,506.474,tp
5,delta=1;sl_pct=0.003;tp_pct=0.015;,1787305560012,1787305859164,LONG,78310.8,78065.7,-129.351,sl
5,delta=1;sl_pct=0.003;tp_pct=0.015;,1787312340636,1787312624755,LONG,77030.5,76789,-127.806,sl
5,delta=1;sl_pct=0.003;tp_pct=0.015;,1787320260009,1787320329576,LONG,77665.9,77422.9,-125.923,sl
5,delta=1;sl_pct=0.003;tp_pct=0.015;,1787351100009,1787351446268,LONG,78524.4,78277.9,-124.621,sl
5,delta=1;sl_pct=0.003;tp_pct=0.015;,1787375640058,1787376881340,SHORT,77322.7,77327.9,-16.222,be
5,delta=1;sl_pct=0.003;tp_pct=0.015;,1787496420131,1787508460006,LONG,77062.6,77134.6,18.5059,be
5,delta=1;sl_pct=0.003;tp_pct=0.015;,1787578920372,1787578971015,LONG,78592.6,78346.8,-122.291,sl
5,delta=1;sl_pct=0.003;tp_pct=0.015;,1787581620438,1787586228287,LONG,79227,79222,-15.8556,be
5,delta=1;sl_pct=0.003;tp_pct=0.015;,1787591040144,1787592153532,LONG,78833,78586.5,-120.329,sl
5,delta=1;sl_pct=0.003;tp_pct=0.015;,1787926200061,1787926657872,SHORT,78834.6,78761,17.9673,be
5,delta=1;sl_pct=0.003;tp_pct=0.015;,1787933100235,1787934318776,SHORT,78057,76896.1,487.871,tp
6,delta=0.9;sl_pct=0.003;tp_pct=0.015;,1787152200574,1787153216715,LONG,66515.6,67503.3,481.512,tp
6,delta=0.9;sl_pct=0.003;tp_pct=0.015;,1787172840083,1787173950920,LONG,69164,69159,-16.5005,be
6,delta=0.9;sl_pct=0.003;tp_pct=0.015;,1787240100052,1787240182931,LONG,72519.9,72292.3,-123.066,sl
6,delta=0.9;sl_pct=0.003;tp_pct=0.015;,1787271660181,1787275093170,LONG,73665,74759.9,496.455,tp
6,delta=0.9;sl_pct=0.003;tp_pct=0.015;,1787279820037,1787280424069,LONG,74769.4,74535,-127.003,sl
6,delta=0.9;sl_pct=0.003;tp_pct=0.015;,1787298420063,1787298735412,LONG,76564,76324.2,-125.239,sl
6,delta=0.9;sl_pct=0.003;tp_pct=0.015;,1787301900164,1787302622139,LONG,77652.3,78807.2,506.474,tp
6,delta=0.9;sl_pct=0.003;tp_pct=0.015;,1787305560012,1787305859164,LONG,78310.8,78065.7,-129.351,sl
6,delta=0.9;sl_pct=0.003;tp_pct=0.015;,1787312340636,1787312624755,LONG,77030.5,76789,-127.806,sl
6,delta=0.9;sl_pct=0.003;tp_pct=0.015;,1787320260009,1787320329576,LONG,77665.9,77422.9,-125.923,sl
6,delta=0.9;sl_pct=0.003;tp_pct=0.015;,1787351100009,1787351446268,LONG,78524.4,78277.9,-124.621,sl
6,delta=0.9;sl_pct=0.003;tp_pct=0.015;,1787375640058,1787376881340,SHORT,77322.7,77327.9,-16.222,be
6,delta=0.9;sl_pct=0.003;tp_pct=0.015;,1787496420131,1787508460006,LONG,77062.6,77134.6,18.5059,be
6,delta=0.9;sl_pct=0.003;tp_pct=0.015;,1787578920372,1787578971015,LONG,78592.6,78346.8,-122.291,sl
6,delta=0.9;sl_pct=0.003;tp_pct=0.015;,1787581620438,1787586228287,LONG,79227,79222,-15.8556,be
6,delta=0.9;sl_pct=0.003;tp_pct=0.015;,1787591040144,1787592153532,LONG,78833,78586.5,-120.329,sl
6,delta=0.9;sl_pct=0.003;tp_pct=0.015;,1787926200061,1787926657872,SHORT,78834.6,78761,17.9673,be
6,delta=0.9;sl_pct=0.003;tp_pct=0.015;,1787933100235,1787934318776,SHORT,78057,76896.1,487.871,tp
7,delta=0.8;sl_pct=0.003;tp_pct=0.015;,1787152200574,1787153216715,LONG,66515.6,67503.3,481.512,tp
7,delta=0.8;sl_pct=0.003;tp_pct=0.015;,1787172840083,1787173950920,LONG,69164,69159,-16.5005,be
7,delta=0.8;sl_pct=0.003;tp_pct=0.015;,1787240100052,1787240182931,LONG,72519.9,72292.3,-123.066,sl
7,delta=0.8;sl_pct=0.003;tp_pct=0.015;,1787271660181,1787275093170,LONG,73665,74759.9,496.455,tp
7,delta=0.8;sl_pct=0.003;tp_pct=0.015;,1787279820037,1787280424069,LONG,74769.4,74535,-127.003,sl
7,delta=0.8;sl_pct=0.003;tp_pct=0.015;,1787298420063,1787298735412,LONG,76564,76324.2,-125.239,sl
7,delta=0.8;sl_pct=0.003;tp_pct=0.015;,1787301900164,1787302622139,LONG,77652.3,78807.2,506.474,tp
7,delta=0.8;sl_pct=0.003;tp_pct=0.015;,1787305560012,1787305859164,LONG,78310.8,78065.7,-129.351,sl
7,delta=0.8;sl_pct=0.003;tp_pct=0.015;,1787312340636,1787312624755,LONG,77030.5,76789,-127.806,sl
7,delta=0.8;sl_pct=0.003;tp_pct=0.015;,1787320260009,1787320329576,LONG,77665.9,77422.9,-125.923,sl
7,delta=0.8;sl_pct=0.003;tp_pct=0.015;,1787351100009,1787351446268,LONG,78524.4,78277.9,-124.621,sl
7,delta=0.8;sl_pct=0.003;tp_pct=0.015;,1787375640058,1787376881340,SHORT,77322.7,77327.9,-16.222,be
7,delta=0.8;sl_pct=0.003;tp_pct=0.015;,1787496420131,1787508460006,LONG,77062.6,77134.6,18.5059,be
7,delta=0.8;sl_pct=0.003;tp_pct=0.015;,1787578920372,1787578971015,LONG,78592.6,78346.8,-122.291,sl
7,delta=0.8;sl_pct=0.003;tp_pct=0.015;,1787581620438,1787586228287,LONG,79227,79222,-15.8556,be
7,delta=0.8;sl_pct=0.003;tp_pct=0.015;,1787591040144,1787592153532,LONG,78833,78586.5,-120.329,sl
7,delta=0.8;sl_pct=0.003;tp_pct=0.015;,1787926200061,1787926657872,SHORT,78834.6,78761,17.9673,be
7,delta=0.8;sl_pct=0.003;tp_pct=0.015;,1787933100235,1787934318776,SHORT,78057,76896.1,487.871,tp
8,delta=1.1;sl_pct=0.003;tp_pct=0.015;,1787152200574,1787153216715,LONG,66515.6,67503.3,481.512,tp
8,delta=1.1;sl_pct=0.003;tp_pct=0.015;,1787172840083,1787173950920,LONG,69164,69159,-16.5005,be
8,delta=1.1;sl_pct=0.003;tp_pct=0.015;,1787240100052,1787240182931,LONG,72519.9,72292.3,-123.066,sl
8,delta=1.1;sl_pct=0.003;tp_pct=0.015;,1787271660181,1787275093170,LONG,73665,74759.9,496.455,tp
8,delta=1.1;sl_pct=0.003;tp_pct=0.015;,1787279820037,1787280424069,LONG,74769.4,74535,-127.003,sl
8,delta=1.1;sl_pct=0.003;tp_pct=0.015;,1787298420063,1787298735412,LONG,76564,76324.2,-125.239,sl
8,delta=1.1;sl_pct=0.003;tp_pct=0.015;,1787301900164,1787302622139,LONG,77652.3,78807.2,506.474,tp
8,delta=1.1;sl_pct=0.003;tp_pct=0.015;,1787305560012,1787305859164,LONG,78310.8,78065.7,-129.351,sl
8,delta=1.1;sl_pct=0.003;tp_pct=0.015;,1787312340636,1787312624755,LONG,77030.5,76789,-127.806,sl
8,delta=1.1;sl_pct=0.003;tp_pct=0.015;,1787320260009,1787320329576,LONG,77665.9,77422.9,-125.923,sl
8,delta=1.1;sl_pct=0.003;tp_pct=0.015;,1787351100009,1787351446268,LONG,78524.4,78277.9,-124.621,sl
8,delta=1.1;sl_pct=0.003;tp_pct=0.015;,1787375640058,1787376881340,SHORT,77322.7,77327.9,-16.222,be
8,delta=1.1;sl_pct=0.003;tp_pct=0.015;,1787496420131,1787508460006,LONG,77062.6,77134.6,18.5059,be
8,delta=1.1;sl_pct=0.003;tp_pct=0.015;,1787578920372,1787578971015,LONG,78592.6,78346.8,-122.291,sl
8,delta=1.1;sl_pct=0.003;tp_pct=0.015;,1787581620438,1787586228287,LONG,79227,79222,-15.8556,be
8,delta=1.1;sl_pct=0.003;tp_pct=0.015;,1787591040144,1787592153532,LONG,78833,78586.5,-120.329,sl
8,delta=1.1;sl_pct=0.003;tp_pct=0.015;,1787926200061,1787926657872,SHORT,78834.6,78761,17.9673,be
8,delta=1.1;sl_pct=0.003;tp_pct=0.015;,1787933100235,1787934318776,SHORT,78057,76896.1,487.871,tp
9,delta=1.1;sl_pct=0.003;tp_pct=0.02;,1787152200574,1787153249576,LONG,66515.6,67835.8,648.08,tp
9,delta=1.1;sl_pct=0.003;tp_pct=0.02;,1787172840083,1787173950920,LONG,69164,69159,-16.763,be
9,delta=1.1;sl_pct=0.003;tp_pct=0.02;,1787240100052,1787240182931,LONG,72519.9,72292.3,-125.025,sl
9,delta=1.1;sl_pct=0.003;tp_pct=0.02;,1787271660181,1787276848413,LONG,73665,75128.2,678.705,tp
9,delta=1.1;sl_pct=0.003;tp_pct=0.02;,1787279820037,1787280424069,LONG,74769.4,74535,-131.078,sl
9,delta=1.1;sl_pct=0.003;tp_pct=0.02;,1787298420063,1787298735412,LONG,76564,76324.2,-129.256,sl
9,delta=1.1;sl_pct=0.003;tp_pct=0.02;,1787301900164,1787302711532,LONG,77652.3,79195.4,703.273,tp
9,delta=1.1;sl_pct=0.003;tp_pct=0.02;,1787305560012,1787305859164,LONG,78310.8,78065.7,-135.625,sl
9,delta=1.1;sl_pct=0.003;tp_pct=0.02;,1787312340636,1787312624755,LONG,77030.5,76789,-134.005,sl
9,delta=1.1;sl_pct=0.003;tp_pct=0.02;,1787320260009,1787320329576,LONG,77665.9,77422.9,-132.03,sl
9,delta=1.1;sl_pct=0.003;tp_pct=0.02;,1787351100009,1787351446268,LONG,78524.4,78277.9,-130.665,sl
9,delta=1.1;sl_pct=0.003;tp_pct=0.02;,1787375640058,1787375861369,SHORT,77322.7,77250.4,19.5019,be
9,delta=1.1;sl_pct=0.003;tp_pct=0.02;,1787496420131,1787508460006,LONG,77062.6,77134.6,19.4685,be
9,delta=1.1;sl_pct=0.003;tp_pct=0.02;,1787578920372,1787578971015,LONG,78592.6,78346.8,-128.651,sl
9,delta=1.1;sl_pct=0.003;tp_pct=0.02;,1787581620438,1787583192423,LONG,79227,79301.1,19.2895,be
9,delta=1.1;sl_pct=0.003;tp_pct=0.02;,1787586360089,1787586785582,LONG,79373.5,79125,-127.146,sl
9,delta=1.1;sl_pct=0.003;tp_pct=0.02;,1787591040144,1787592150974,LONG,78833,78629.6,-105.929,daily_loss_limit
9,delta=1.1;sl_pct=0.003;tp_pct=0.02;,1787926200061,1787926657872,SHORT,78834.6,78761,18.7511,be
9,delta=1.1;sl_pct=0.003;tp_pct=0.02;,1787933100235,1787937468914,SHORT,78057,78062.1,-16.333,be
10,delta=1;sl_pct=0.003;tp_pct=0.02;,1787152200574,1787153249576,LONG,66515.6,67835.8,648.08,tp
10,delta=1;sl_pct=0.003;tp_pct=0.02;,1787172840083,1787173950920,LONG,69164,69159,-16.763,be
10,delta=1;sl_pct=0.003;tp_pct=0.02;,1787240100052,1787240182931,LONG,72519.9,72292.3,-125.025,sl
10,delta=1;sl_pct=0.003;tp_pct=0.02;,1787271660181,1787276848413,LONG,73665,75128.2,678.705,tp
10,delta=1;sl_pct=0.003;tp_pct=0.02;,1787279820037,1787280424069,LONG,74769.4,74535,-131.078,sl
10,delta=1;sl_pct=0.003;tp_pct=0.02;,1787298420063,1787298735412,LONG,76564,76324.2,-129.256,sl
10,delta=1;sl_pct=0.003;tp_pct=0.02;,1787301900164,1787302711532,LONG,77652.3,79195.4,703.273,tp
10,delta=1;sl_pct=0.003;tp_pct=0.02;,1787305560012,1787305859164,LONG,78310.8,78065.7,-135.625,sl
10,delta=1;sl_pct=0.003;tp_pct=0.02;,1787312340636,1787312624755,LONG,77030.5,76789,-134.005,sl
10,delta=1;sl_pct=0.003;tp_pct=0.02;,1787320260009,1787320329576,LONG,77665.9,77422.9,-132.03,sl
10,delta=1;sl_pct=0.003;tp_pct=0.02;,1787351100009,1787351446268,LONG,78524.4,78277.9,-130.665,sl
10,delta=1;sl_pct=0.003;tp_pct=0.02;,1787375640058,1787375861369,SHORT,77322.7,77250.4,19.5019,be
10,delta=1;sl_pct=0.003;tp_pct=0.02;,1787496420131,1787508460006,LONG,77062.6,77134.6,19.4685,be
10,delta=1;sl_pct=0.003;tp_pct=0.02;,1787578920372,1787578971015,LONG,78592.6,78346.8,-128.651,sl
10,delta=1;sl_pct=0.003;tp_pct=0.02;,1787581620438,1787583192423,LONG,79227,79301.1,19.2895,be
10,delta=1;sl_pct=0.003;tp_pct=0.02;,1787586360089,1787586785582,LONG,79373.5,79125,-127.146,sl
10,delta=1;sl_pct=0.003;tp_pct=0.02;,1787591040144,1787592150974,LONG,78833,78629.6,-105.929,daily_loss_limit
10,delta=1;sl_pct=0.003;tp_pct=0.02;,1787926200061,1787926657872,SHORT,78834.6,78761,18.7511,be
10,delta=1;sl_pct=0.003;tp_pct=0.02;,1787933100235,1787937468914,SHORT,78057,78062.1,-16.333,be
