Rank,Delta,SL_Pct,TP_Pct,EntryTime,ExitTime,Type,EntryPrice,ExitPrice,NetProfit,Reason
1,1,0.6,1.6,1785745560616,1785750912891,SHORT,62398.6,62783,-109.383,sl
1,1,0.6,1.6,1785765780290,1785818870605,LONG,63193.7,64194.9,254.315,tp
1,1,0.6,1.6,1785852060359,1785854300328,SHORT,63647,64039,-110.786,sl
1,1,0.6,1.6,1785858540110,1785886018395,LONG,64217,64275.8,8.60599,be
1,1,0.6,1.6,1785900300337,1785913808675,LONG,64124.1,64183.1,8.68966,be
1,1,0.6,1.6,1785936840338,1785937988594,SHORT,63914.2,64307.7,-109.524,sl
1,1,0.6,1.6,1785943080196,1785970808715,LONG,64527,64586,8.47271,be
1,1,0.6,1.6,1786024980394,1786027509701,SHORT,64443,64839.8,-108.27,sl
1,1,0.6,1.6,1786031760122,1786092130054,SHORT,64641.7,64582.6,8.4031,be
1,1,0.6,1.6,1786104720075,1786111502537,LONG,65237.4,64835.7,-106.973,sl
1,1,0.6,1.6,1786113420140,1786122079788,LONG,65197,64795.6,-105.73,sl
1,1,0.6,1.6,1786314000043,1786317750708,LONG,65315,64913.1,-104.43,sl
1,1,0.6,1.6,1786370040067,1786462704329,SHORT,64537,63514.3,243.477,tp
1,1,0.6,1.6,1786538460144,1786543326203,LONG,64129.6,63734.8,-105.866,sl
1,1,0.6,1.6,1786543500191,1786568332254,SHORT,63655,63596.6,8.27385,be
1,1,0.6,1.6,1786636920178,1786648069075,SHORT,63427,63432.2,-7.69388,be
1,1,0.6,1.6,1786648200270,1786935186772,SHORT,63474.4,63480,-7.77708,be
1,1,0.6,1.6,1786973640461,1787063053971,LONG,63704,64713.2,245.772,tp
1,1,0.6,1.6,1787063100096,1787063537249,LONG,64732.2,64791.9,8.52062,be
1,1,0.6,1.6,1787146560230,1787151907118,LONG,65079,66110.2,252.052,tp
1,1,0.6,1.6,1787152200574,1787153219340,LONG,66515.6,67570,258.475,tp
1,1,0.6,1.6,1787156340009,1787159312012,LONG,68676.3,68254.2,-112.235,sl
1,1,0.6,1.6,1787159400121,1787160382096,LONG,68316.3,67896.4,-110.951,sl
1,1,0.6,1.6,1787160420017,1787172640223,LONG,67923,69000,258.923,tp
1,1,0.6,1.6,1787172840083,1787173950920,LONG,69164,69159,-8.12309,be
1,1,0.6,1.6,1787174100037,1787175554915,LONG,69439,69503.3,9.0167,be
1,1,0.6,1.6,1787176980434,1787178339245,LONG,69619,69191.3,-112.235,sl
1,1,0.6,1.6,1787178960052,1787179709009,LONG,69059,69123,8.92944,be
1,1,0.6,1.6,1787182560033,1787188089661,LONG,69263,69327,8.88503,be
1,1,0.6,1.6,1787190900435,1787194253041,LONG,69718.5,69290,-111.031,sl
1,1,0.6,1.6,1787197800055,1787213280037,LONG,69260.8,70359,259.085,tp
1,1,0.6,1.6,1787214180303,1787220922625,LONG,71199,72328.2,265.651,tp
1,1,0.6,1.6,1787222220218,1787226913545,LONG,71899,71965.9,9.32919,be
1,1,0.6,1.6,1787228580259,1787233013027,LONG,71809.9,71369.1,-115.217,sl
1,1,0.6,1.6,1787233620287,1787235362512,LONG,71630,71696.6,9.23064,be
1,1,0.6,1.6,1787235540384,1787239938544,LONG,71665.8,72802.4,269.303,tp
1,1,0.6,1.6,1787240100052,1787245827274,LONG,72519.9,72587.3,9.45254,be
1,1,0.6,1.6,1787245920145,1787258558674,LONG,72634,72701.5,9.46784,be
1,1,0.6,1.6,1787260200063,1787271517677,LONG,72628,73780,276.191,tp
1,1,0.6,1.6,1787271660181,1787275094332,LONG,73665,74833.7,283.194,tp
1,1,0.6,1.6,1787276100015,1787278259086,LONG,74782.4,74777.3,-8.78675,be
1,1,0.6,1.6,1787278320015,1787281566845,LONG,74781.1,74322.2,-122.537,sl
1,1,0.6,1.6,1787281740006,1787292485455,LONG,74330.1,75509.5,286.568,tp
1,1,0.6,1.6,1787294100084,1787296593721,LONG,75642.5,76842.8,293.788,tp
1,1,0.6,1.6,1787297400071,1787298367962,LONG,76415.4,76486.5,10.3396,be
1,1,0.6,1.6,1787298420063,1787301747232,LONG,76564,77779,301.239,tp
1,1,0.6,1.6,1787301900164,1787302636651,LONG,77652.3,78884.8,308.85,tp
1,1,0.6,1.6,1787303400044,1787306233463,LONG,77838.9,77911.7,10.9425,be
1,1,0.6,1.6,1787307240192,1787310178035,LONG,78075.1,77596.2,-133.728,sl
1,1,0.6,1.6,1787310660076,1787311157073,LONG,77793.5,77316.8,-132.094,sl
1,1,0.6,1.6,1787311260119,1787311931743,LONG,77462.8,76987.7,-130.641,sl
1,1,0.6,1.6,1787312340636,1787313525276,LONG,77030.5,76558.3,-129.081,sl
1,1,0.6,1.6,1787314380422,1787319009491,LONG,76831.6,76825.8,-9.30658,be
1,1,0.6,1.6,1787319960033,1787320944420,LONG,77327,76853,-127.402,sl
1,1,0.6,1.6,1787322660015,1787328147048,LONG,77135,77129.9,-8.9974,be
1,1,0.6,1.6,1787328180124,1787332815043,LONG,77195,77267,10.2605,be
1,1,0.6,1.6,1787332920308,1787337918627,LONG,77313,76839.1,-125.766,sl
1,1,0.6,1.6,1787338500014,1787342412214,LONG,76849,76920.7,10.1499,be
1,1,0.6,1.6,1787342940486,1787347996803,LONG,77161.6,78386.1,294.595,tp
1,1,0.6,1.6,1787348460005,1787349710639,LONG,78142.7,78215.8,10.4527,be
1,1,0.6,1.6,1787350320300,1787351465951,LONG,78649.9,78168,-127.456,sl
1,1,0.6,1.6,1787351760573,1787354894351,LONG,78324.7,78398,10.3368,be
1,1,0.6,1.6,1787359440095,1787363334239,LONG,77806.7,77879,10.2162,be
1,1,0.6,1.6,1787364060067,1787375382856,LONG,77914.3,77909.1,-9.00812,be
1,1,0.6,1.6,1787375640058,1787375861369,SHORT,77322.7,77250.4,10.3189,be
1,1,0.6,1.6,1787376120017,1787376941836,SHORT,76936.8,77408.7,-126.08,sl
1,1,0.6,1.6,1787377020023,1787377677422,SHORT,77399.2,77326.9,10.1942,be
1,1,0.6,1.6,1787378100042,1787402710516,SHORT,77350.9,77356.1,-8.90176,be
1,1,0.6,1.6,1787416920169,1787445221315,SHORT,77343,77270.8,10.1701,be
1,1,0.6,1.6,1787445720633,1787462093181,SHORT,77232.6,76006.7,294.862,tp
1,1,0.6,1.6,1787463240718,1787465948743,SHORT,76282.3,76211.1,10.4255,be
1,1,0.6,1.6,1787466301942,1787479601704,SHORT,76267,76734.8,-127.673,sl
1,1,0.6,1.6,1787479740294,1787484005442,SHORT,76671,77141.2,-126.18,sl
1,1,0.6,1.6,1787485380004,1787491803470,LONG,77322.8,77395,10.1798,be
1,1,0.6,1.6,1787492340035,1787496155241,LONG,77520.9,77045.6,-124.627,sl
1,1,0.6,1.6,1787496420131,1787508460006,LONG,77062.6,77134.6,10.0725,be
1,1,0.6,1.6,1787520240415,1787526137179,LONG,77963,77485,-123.217,sl
1,1,0.6,1.6,1787526901788,1787536574620,LONG,77475.6,77000.6,-121.782,sl
1,1,0.6,1.6,1787537400132,1787541303727,LONG,77127,77199,9.83625,be
1,1,0.6,1.6,1787542500245,1787559382972,LONG,77113.4,77108.4,-8.58037,be
1,1,0.6,1.6,1787559660248,1787565285917,SHORT,77123.8,77596.7,-120.336,sl
1,1,0.6,1.6,1787567700369,1787569279972,LONG,77981,77503.1,-118.798,sl
1,1,0.6,1.6,1787570100073,1787570100379,LONG,77824.1,77814.1,-9.50922,daily_loss_limit
1,1,0.6,1.6,1787616780391,1787624272124,LONG,79033.9,80288.4,277.891,tp
1,1,0.6,1.6,1787625000013,1787626204358,LONG,81015,80518.9,-120.106,sl
1,1,0.6,1.6,1787627400032,1787630216384,LONG,80863.9,80368.6,-118.744,sl
1,1,0.6,1.6,1787630340175,1787640048606,LONG,80444.6,80520,9.65316,be
1,1,0.6,1.6,1787641260796,1787644139864,LONG,80632.4,80138.6,-117.385,sl
1,1,0.6,1.6,1787644620037,1787648560682,LONG,79745.2,79819.8,9.53175,be
1,1,0.6,1.6,1787648820004,1787651488599,LONG,79772.8,79284.2,-116.078,sl
1,1,0.6,1.6,1787653560151,1787668164036,SHORT,79298.4,79303.5,-8.17147,be
1,1,0.6,1.6,1787669940232,1787679690999,SHORT,79232.2,79158.1,9.41568,be
1,1,0.6,1.6,1787686200223,1787696027161,SHORT,78928.9,78934,-8.16686,be
1,1,0.6,1.6,1787696100116,1787706334096,SHORT,78927.4,78853.6,9.4054,be
1,1,0.6,1.6,1787711700018,1787722288342,SHORT,79171,79096.9,9.40799,be
1,1,0.6,1.6,1787724960513,1787756544395,SHORT,78991.8,77737.8,271.686,tp
1,1,0.6,1.6,1787758560043,1787765236612,SHORT,77936.7,78414.3,-117.505,sl
1,1,0.6,1.6,1787772480470,1787787718873,SHORT,78541.3,79022.6,-116.126,sl
1,1,0.6,1.6,1787788380952,1787793458268,LONG,79078.6,78594.1,-114.711,sl
1,1,0.6,1.6,1787794500833,1787822719803,LONG,78878.8,80130.8,268.76,tp
1,1,0.6,1.6,1787823540058,1787826278731,LONG,80267,79775.3,-116.205,sl
1,1,0.6,1.6,1787828520391,1787837524075,LONG,79638.1,79150.4,-114.851,sl
1,1,0.6,1.6,1787837640028,1787843578036,LONG,79223,80480.5,269.196,tp
1,1,0.6,1.6,1787844540057,1787854431288,LONG,80630.8,80137,-116.352,sl
1,1,0.6,1.6,1787854500198,1787880796473,LONG,80081.8,81353,272.79,tp
1,1,0.6,1.6,1787880960321,1787881750514,LONG,81177.4,80680.2,-117.915,sl
1,1,0.6,1.6,1787882400033,1787883725958,LONG,80505.4,80012.1,-116.589,sl
1,1,0.6,1.6,1787883900042,1787893314712,LONG,80075,79584.4,-115.238,sl
1,1,0.6,1.6,1787924220249,1787927691394,SHORT,79276.9,79282,-8.10008,be
1,1,0.6,1.6,1787928120077,1787932880777,SHORT,79491,78229,269.902,tp
1,1,0.6,1.6,1787933100235,1787937468914,SHORT,78057,78062.1,-8.30043,be
1,1,0.6,1.6,1787938800772,1787943720476,SHORT,77725.9,77653.2,9.5415,be
1,1,0.6,1.6,1788093120069,1788122410678,LONG,78667.8,78662.2,-8.38815,be
1,1,0.6,1.6,1788122760303,1788132195641,LONG,78575.7,78094,-116.355,sl
1,1,0.6,1.6,1788132960373,1788134191267,SHORT,77655,77660.4,-8.27484,be
1,1,0.6,1.6,1788134400000,1788136525327,SHORT,77677,78153.1,-114.916,sl
1,1,0.6,1.6,1788138480392,1788160363618,SHORT,77689.8,78166,-113.594,sl
1,1,0.6,1.6,1788167880005,1788179111660,LONG,78705,78222.7,-112.171,sl
1,1,0.6,1.6,1788184860630,1788185016495,SHORT,77839.1,77953,-31.6571,daily_loss_limit
2,0.9,0.6,1.6,1785745560616,1785750912891,SHORT,62398.6,62783,-109.383,sl
2,0.9,0.6,1.6,1785765780290,1785818870605,LONG,63193.7,64194.9,254.315,tp
2,0.9,0.6,1.6,1785852060359,1785854300328,SHORT,63647,64039,-110.786,sl
2,0.9,0.6,1.6,1785858540110,1785886018395,LONG,64217,64275.8,8.60599,be
2,0.9,0.6,1.6,1785900300337,1785913808675,LONG,64124.1,64183.1,8.68966,be
2,0.9,0.6,1.6,1785936840338,1785937988594,SHORT,63914.2,64307.7,-109.524,sl
2,0.9,0.6,1.6,1785943080196,1785970808715,LONG,64527,64586,8.47271,be
2,0.9,0.6,1.6,1786024980394,1786027509701,SHORT,64443,64839.8,-108.27,sl
2,0.9,0.6,1.6,1786031760122,1786092130054,SHORT,64641.7,64582.6,8.4031,be
2,0.9,0.6,1.6,1786104720075,1786111502537,LONG,65237.4,64835.7,-106.973,sl
2,0.9,0.6,1.6,1786113420140,1786122079788,LONG,65197,64795.6,-105.73,sl
2,0.9,0.6,1.6,1786314000043,1786317750708,LONG,65315,64913.1,-104.43,sl
2,0.9,0.6,1.6,1786370040067,1786462704329,SHORT,64537,63514.3,243.477,tp
2,0.9,0.6,1.6,1786538460144,1786543326203,LONG,64129.6,63734.8,-105.866,sl
2,0.9,0.6,1.6,1786543500191,1786568332254,SHORT,63655,63596.6,8.27385,be
2,0.9,0.6,1.6,1786636920178,1786648069075,SHORT,63427,63432.2,-7.69388,be
2,0.9,0.6,1.6,1786648200270,1786935186772,SHORT,63474.4,63480,-7.77708,be
2,0.9,0.6,1.6,1786973640461,1787063053971,LONG,63704,64713.2,245.772,tp
2,0.9,0.6,1.6,1787063100096,1787063537249,LONG,64732.2,64791.9,8.52062,be
2,0.9,0.6,1.6,1787146560230,1787151907118,LONG,65079,66110.2,252.052,tp
2,0.9,0.6,1.6,1787152200574,1787153219340,LONG,66515.6,67570,258.475,tp
2,0.9,0.6,1.6,1787156340009,1787159312012,LONG,68676.3,68254.2,-112.235,sl
2,0.9,0.6,1.6,1787159400121,1787160382096,LONG,68316.3,67896.4,-110.951,sl
2,0.9,0.6,1.6,1787160420017,1787172640223,LONG,67923,69000,258.923,tp
2,0.9,0.6,1.6,1787172840083,1787173950920,LONG,69164,69159,-8.12309,be
2,0.9,0.6,1.6,1787174100037,1787175554915,LONG,69439,69503.3,9.0167,be
2,0.9,0.6,1.6,1787176980434,1787178339245,LONG,69619,69191.3,-112.235,sl
2,0.9,0.6,1.6,1787178960052,1787179709009,LONG,69059,69123,8.92944,be
2,0.9,0.6,1.6,1787182560033,1787188089661,LONG,69263,69327,8.88503,be
2,0.9,0.6,1.6,1787190900435,1787194253041,LONG,69718.5,69290,-111.031,sl
2,0.9,0.6,1.6,1787197800055,1787213280037,LONG,69260.8,70359,259.085,tp
2,0.9,0.6,1.6,1787214180303,1787220922625,LONG,71199,72328.2,265.651,tp
2,0.9,0.6,1.6,1787222220218,1787226913545,LONG,71899,71965.9,9.32919,be
2,0.9,0.6,1.6,1787228580259,1787233013027,LONG,71809.9,71369.1,-115.217,sl
2,0.9,0.6,1.6,1787233620287,1787235362512,LONG,71630,71696.6,9.23064,be
2,0.9,0.6,1.6,1787235540384,1787239938544,LONG,71665.8,72802.4,269.303,tp
2,0.9,0.6,1.6,1787240100052,1787245827274,LONG,72519.9,72587.3,9.45254,be
2,0.9,0.6,1.6,1787245920145,1787258558674,LONG,72634,72701.5,9.46784,be
2,0.9,0.6,1.6,1787260200063,1787271517677,LONG,72628,73780,276.191,tp
2,0.9,0.6,1.6,1787271660181,1787275094332,LONG,73665,74833.7,283.194,tp
2,0.9,0.6,1.6,1787276100015,1787278259086,LONG,74782.4,74777.3,-8.78675,be
2,0.9,0.6,1.6,1787278320015,1787281566845,LONG,74781.1,74322.2,-122.537,sl
2,0.9,0.6,1.6,1787281740006,1787292485455,LONG,74330.1,75509.5,286.568,tp
2,0.9,0.6,1.6,1787294100084,1787296593721,LONG,75642.5,76842.8,293.788,tp
2,0.9,0.6,1.6,1787297400071,1787298367962,LONG,76415.4,76486.5,10.3396,be
2,0.9,0.6,1.6,1787298420063,1787301747232,LONG,76564,77779,301.239,tp
2,0.9,0.6,1.6,1787301900164,1787302636651,LONG,77652.3,78884.8,308.85,tp
2,0.9,0.6,1.6,1787303400044,1787306233463,LONG,77838.9,77911.7,10.9425,be
2,0.9,0.6,1.6,1787307240192,1787310178035,LONG,78075.1,77596.2,-133.728,sl
2,0.9,0.6,1.6,1787310660076,1787311157073,LONG,77793.5,77316.8,-132.094,sl
2,0.9,0.6,1.6,1787311260119,1787311931743,LONG,77462.8,76987.7,-130.641,sl
2,0.9,0.6,1.6,1787312340636,1787313525276,LONG,77030.5,76558.3,-129.081,sl
2,0.9,0.6,1.6,1787314380422,1787319009491,LONG,76831.6,76825.8,-9.30658,be
2,0.9,0.6,1.6,1787319960033,1787320944420,LONG,77327,76853,-127.402,sl
2,0.9,0.6,1.6,1787322660015,1787328147048,LONG,77135,77129.9,-8.9974,be
2,0.9,0.6,1.6,1787328180124,1787332815043,LONG,77195,77267,10.2605,be
2,0.9,0.6,1.6,1787332920308,1787337918627,LONG,77313,76839.1,-125.766,sl
2,0.9,0.6,1.6,1787338500014,1787342412214,LONG,76849,76920.7,10.1499,be
2,0.9,0.6,1.6,1787342940486,1787347996803,LONG,77161.6,78386.1,294.595,tp
2,0.9,0.6,1.6,1787348460005,1787349710639,LONG,78142.7,78215.8,10.4527,be
2,0.9,0.6,1.6,1787350320300,1787351465951,LONG,78649.9,78168,-127.456,sl
2,0.9,0.6,1.6,1787351760573,1787354894351,LONG,78324.7,78398,10.3368,be
2,0.9,0.6,1.6,1787359440095,1787363334239,LONG,77806.7,77879,10.2162,be
2,0.9,0.6,1.6,1787364060067,1787375382856,LONG,77914.3,77909.1,-9.00812,be
2,0.9,0.6,1.6,1787375640058,1787375861369,SHORT,77322.7,77250.4,10.3189,be
2,0.9,0.6,1.6,1787376120017,1787376941836,SHORT,76936.8,77408.7,-126.08,sl
2,0.9,0.6,1.6,1787377020023,1787377677422,SHORT,77399.2,77326.9,10.1942,be
2,0.9,0.6,1.6,1787378100042,1787402710516,SHORT,77350.9,77356.1,-8.90176,be
2,0.9,0.6,1.6,1787416920169,1787445221315,SHORT,77343,77270.8,10.1701,be
2,0.9,0.6,1.6,1787445720633,1787462093181,SHORT,77232.6,76006.7,294.862,tp
2,0.9,0.6,1.6,1787463240718,1787465948743,SHORT,76282.3,76211.1,10.4255,be
2,0.9,0.6,1.6,1787466301942,1787479601704,SHORT,76267,76734.8,-127.673,sl
2,0.9,0.6,1.6,1787479740294,1787484005442,SHORT,76671,77141.2,-126.18,sl
2,0.9,0.6,1.6,1787485380004,1787491803470,LONG,77322.8,77395,10.1798,be
2,0.9,0.6,1.6,1787492340035,1787496155241,LONG,77520.9,77045.6,-124.627,sl
2,0.9,0.6,1.6,1787496420131,1787508460006,LONG,77062.6,77134.6,10.0725,be
2,0.9,0.6,1.6,1787520240415,1787526137179,LONG,77963,77485,-123.217,sl
2,0.9,0.6,1.6,1787526901788,1787536574620,LONG,77475.6,77000.6,-121.782,sl
2,0.9,0.6,1.6,1787537400132,1787541303727,LONG,77127,77199,9.83625,be
2,0.9,0.6,1.6,1787542500245,1787559382972,LONG,77113.4,77108.4,-8.58037,be
2,0.9,0.6,1.6,1787559660248,1787565285917,SHORT,77123.8,77596.7,-120.336,sl
2,0.9,0.6,1.6,1787567700369,1787569279972,LONG,77981,77503.1,-118.798,sl
2,0.9,0.6,1.6,1787570100073,1787570100379,LONG,77824.1,77814.1,-9.50922,daily_loss_limit
2,0.9,0.6,1.6,1787616780391,1787624272124,LONG,79033.9,80288.4,277.891,tp
2,0.9,0.6,1.6,1787625000013,1787626204358,LONG,81015,80518.9,-120.106,sl
2,0.9,0.6,1.6,1787627400032,1787630216384,LONG,80863.9,80368.6,-118.744,sl
2,0.9,0.6,1.6,1787630340175,1787640048606,LONG,80444.6,80520,9.65316,be
2,0.9,0.6,1.6,1787641260796,1787644139864,LONG,80632.4,80138.6,-117.385,sl
2,0.9,0.6,1.6,1787644620037,1787648560682,LONG,79745.2,79819.8,9.53175,be
2,0.9,0.6,1.6,1787648820004,1787651488599,LONG,79772.8,79284.2,-116.078,sl
2,0.9,0.6,1.6,1787653560151,1787668164036,SHORT,79298.4,79303.5,-8.17147,be
2,0.9,0.6,1.6,1787669940232,1787679690999,SHORT,79232.2,79158.1,9.41568,be
2,0.9,0.6,1.6,1787686200223,1787696027161,SHORT,78928.9,78934,-8.16686,be
2,0.9,0.6,1.6,1787696100116,1787706334096,SHORT,78927.4,78853.6,9.4054,be
2,0.9,0.6,1.6,1787707260157,1787740778723,SHORT,78844.4,78770.7,9.37808,be
2,0.9,0.6,1.6,1787744400082,1787747437394,SHORT,78381,78307.7,9.3965,be
2,0.9,0.6,1.6,1787748060345,1787758160784,SHORT,78227.7,78154.4,9.41509,be
2,0.9,0.6,1.6,1787758560043,1787765236612,SHORT,77936.7,78414.3,-114.676,sl
2,0.9,0.6,1.6,1787772480470,1787787718873,SHORT,78541.3,79022.6,-113.33,sl
2,0.9,0.6,1.6,1787788380952,1787793458268,LONG,79078.6,78594.1,-111.949,sl
2,0.9,0.6,1.6,1787794500833,1787822719803,LONG,78878.8,80130.8,262.289,tp
2,0.9,0.6,1.6,1787823540058,1787826278731,LONG,80267,79775.3,-113.407,sl
2,0.9,0.6,1.6,1787828520391,1787837524075,LONG,79638.1,79150.4,-112.086,sl
2,0.9,0.6,1.6,1787837640028,1787843578036,LONG,79223,80480.5,262.714,tp
2,0.9,0.6,1.6,1787844540057,1787854431288,LONG,80630.8,80137,-113.551,sl
2,0.9,0.6,1.6,1787854500198,1787880796473,LONG,80081.8,81353,266.221,tp
2,0.9,0.6,1.6,1787880960321,1787881750514,LONG,81177.4,80680.2,-115.076,sl
2,0.9,0.6,1.6,1787882400033,1787883725958,LONG,80505.4,80012.1,-113.782,sl
2,0.9,0.6,1.6,1787883900042,1787893314712,LONG,80075,79584.4,-112.463,sl
2,0.9,0.6,1.6,1787924220249,1787927691394,SHORT,79276.9,79282,-7.90505,be
2,0.9,0.6,1.6,1787928120077,1787932880777,SHORT,79491,78229,263.403,tp
2,0.9,0.6,1.6,1787933100235,1787937468914,SHORT,78057,78062.1,-8.10057,be
2,0.9,0.6,1.6,1787937960178,1787962092446,SHORT,77879.1,77884.1,-8.08699,be
2,0.9,0.6,1.6,1788093120069,1788122410678,LONG,78667.8,78662.2,-8.17255,be
2,0.9,0.6,1.6,1788122760303,1788132195641,LONG,78575.7,78094,-113.365,sl
2,0.9,0.6,1.6,1788132960373,1788134191267,SHORT,77655,77660.4,-8.06216,be
2,0.9,0.6,1.6,1788134400000,1788136525327,SHORT,77677,78153.1,-111.963,sl
2,0.9,0.6,1.6,1788138480392,1788160363618,SHORT,77689.8,78166,-110.674,sl
2,0.9,0.6,1.6,1788167880005,1788179111660,LONG,78705,78222.7,-109.288,sl
2,0.9,0.6,1.6,1788184860630,1788185021735,SHORT,77839.1,78003,-41.4804,daily_loss_limit
3,0.1,0.6,1.6,1785696421828,1785709992022,LONG,63437,63495.1,8.59764,be
3,0.1,0.6,1.6,1785745560616,1785750912891,SHORT,62398.6,62783,-109.404,sl
3,0.1,0.6,1.6,1785765240263,1785766836330,LONG,63161.1,63219.3,8.57064,be
3,0.1,0.6,1.6,1785766920781,1785867326272,LONG,63266.9,64269.1,254.376,tp
3,0.1,0.6,1.6,1785867600074,1785936738968,LONG,64315,63919.1,-110.699,sl
3,0.1,0.6,1.6,1785936840338,1785937988594,SHORT,63914.2,64307.7,-109.525,sl
3,0.1,0.6,1.6,1785939960184,1785943087875,LONG,64395,64454.4,8.60617,be
3,0.1,0.6,1.6,1785943260244,1785967406657,LONG,64589,64648.2,8.53412,be
3,0.1,0.6,1.6,1786024980394,1786027509701,SHORT,64443,64839.8,-108.293,sl
3,0.1,0.6,1.6,1786031760122,1786092130054,SHORT,64641.7,64582.6,8.40492,be
3,0.1,0.6,1.6,1786104720075,1786111502537,LONG,65237.4,64835.7,-106.996,sl
3,0.1,0.6,1.6,1786113420140,1786122079788,LONG,65197,64795.6,-105.753,sl
3,0.1,0.6,1.6,1786314000043,1786317750708,LONG,65315,64913.1,-104.452,sl
3,0.1,0.6,1.6,1786370040067,1786462704329,SHORT,64537,63514.3,243.53,tp
3,0.1,0.6,1.6,1786538220015,1786543278582,LONG,64185,63789.7,-105.941,sl
3,0.1,0.6,1.6,1786543500191,1786568332254,SHORT,63655,63596.6,8.2756,be
3,0.1,0.6,1.6,1786636920178,1786648069075,SHORT,63427,63432.2,-7.69551,be
3,0.1,0.6,1.6,1786648200270,1786935186772,SHORT,63474.4,63480,-7.77873,be
3,0.1,0.6,1.6,1786935420300,1786972631533,LONG,63430.9,63489,8.20873,be
3,0.1,0.6,1.6,1786973640461,1787063053971,LONG,63704,64713.2,245.872,tp
3,0.1,0.6,1.6,1787063100096,1787063537249,LONG,64732.2,64791.9,8.52406,be
3,0.1,0.6,1.6,1787063760212,1787101346687,LONG,64836.3,64437.3,-106.995,sl
3,0.1,0.6,1.6,1787143200089,1787151280798,LONG,64729,65754.6,249.204,tp
3,0.1,0.6,1.6,1787151420014,1787153010776,LONG,65889,66933.1,255.496,tp
3,0.1,0.6,1.6,1787153940177,1787154249635,LONG,68496.2,68559.4,8.85674,be
3,0.1,0.6,1.6,1787155080039,1787156002880,LONG,68469.1,68532.4,8.88206,be
3,0.1,0.6,1.6,1787156220087,1787159289616,LONG,68705,68282.6,-111.071,sl
3,0.1,0.6,1.6,1787159400121,1787160382096,LONG,68316.3,67896.4,-109.753,sl
3,0.1,0.6,1.6,1787160420017,1787172640223,LONG,67923,69000,256.127,tp
3,0.1,0.6,1.6,1787172840083,1787173950920,LONG,69164,69159,-8.03538,be
3,0.1,0.6,1.6,1787174100037,1787175554915,LONG,69439,69503.3,8.91934,be
3,0.1,0.6,1.6,1787176440206,1787177291001,LONG,69789,69360.2,-111.024,sl
3,0.1,0.6,1.6,1787177340154,1787178833339,LONG,69439,69012.2,-109.79,sl
3,0.1,0.6,1.6,1787178960052,1787179709009,LONG,69059,69123,8.73077,be
3,0.1,0.6,1.6,1787182560033,1787188089661,LONG,69263,69327,8.68735,be
3,0.1,0.6,1.6,1787190900435,1787194253041,LONG,69718.5,69290,-108.56,sl
3,0.1,0.6,1.6,1787197800055,1787213280037,LONG,69260.8,70359,253.321,tp
3,0.1,0.6,1.6,1787214180303,1787220922625,LONG,71199,72328.2,259.741,tp
3,0.1,0.6,1.6,1787222220218,1787226913545,LONG,71899,71965.9,9.12163,be
3,0.1,0.6,1.6,1787228580259,1787233013027,LONG,71809.9,71369.1,-112.653,sl
3,0.1,0.6,1.6,1787233620287,1787235362512,LONG,71630,71696.6,9.02527,be
3,0.1,0.6,1.6,1787235540384,1787239938544,LONG,71665.8,72802.4,263.311,tp
3,0.1,0.6,1.6,1787240100052,1787245827274,LONG,72519.9,72587.3,9.24224,be
3,0.1,0.6,1.6,1787245920145,1787258558674,LONG,72634,72701.5,9.2572,be
3,0.1,0.6,1.6,1787260200063,1787271517677,LONG,72628,73780,270.046,tp
3,0.1,0.6,1.6,1787271660181,1787275094332,LONG,73665,74833.7,276.893,tp
3,0.1,0.6,1.6,1787276100015,1787278259086,LONG,74782.4,74777.3,-8.59126,be
3,0.1,0.6,1.6,1787278320015,1787281566845,LONG,74781.1,74322.2,-119.81,sl
3,0.1,0.6,1.6,1787281740006,1787292485455,LONG,74330.1,75509.5,280.193,tp
3,0.1,0.6,1.6,1787294100084,1787296593721,LONG,75642.5,76842.8,287.252,tp
3,0.1,0.6,1.6,1787297400071,1787298367962,LONG,76415.4,76486.5,10.1096,be
3,0.1,0.6,1.6,1787298420063,1787301747232,LONG,76564,77779,294.537,tp
3,0.1,0.6,1.6,1787301900164,1787302636651,LONG,77652.3,78884.8,301.979,tp
3,0.1,0.6,1.6,1787303400044,1787306233463,LONG,77838.9,77911.7,10.699,be
3,0.1,0.6,1.6,1787306340083,1787307974509,LONG,77737.2,77809.8,10.6641,be
3,0.1,0.6,1.6,1787308080035,1787310807791,LONG,77829.4,77352.4,-130.691,sl
3,0.1,0.6,1.6,1787311080014,1787311932408,LONG,77436.6,76961.9,-129.212,sl
3,0.1,0.6,1.6,1787312340636,1787313525276,LONG,77030.5,76558.3,-127.713,sl
3,0.1,0.6,1.6,1787314380422,1787319009491,LONG,76831.6,76825.8,-9.20795,be
3,0.1,0.6,1.6,1787319960033,1787320944420,LONG,77327,76853,-126.052,sl
3,0.1,0.6,1.6,1787322360219,1787328246223,LONG,77115,77110,-8.87763,be
3,0.1,0.6,1.6,1787329080001,1787337356242,LONG,77112.8,77184.8,10.1782,be
3,0.1,0.6,1.6,1787337480598,1787337935641,LONG,77158.2,76685.1,-124.49,sl
3,0.1,0.6,1.6,1787338500014,1787342412214,LONG,76849,76920.7,10.0424,be
3,0.1,0.6,1.6,1787342940486,1787347996803,LONG,77161.6,78386.1,291.473,tp
3,0.1,0.6,1.6,1787348460005,1787349710639,LONG,78142.7,78215.8,10.3419,be
3,0.1,0.6,1.6,1787350320300,1787351465951,LONG,78649.9,78168,-126.105,sl
3,0.1,0.6,1.6,1787351760573,1787354894351,LONG,78324.7,78398,10.2272,be
3,0.1,0.6,1.6,1787358000364,1787375352811,LONG,78067.2,78062,-8.92292,be
3,0.1,0.6,1.6,1787375640058,1787375861369,SHORT,77322.7,77250.4,10.2074,be
3,0.1,0.6,1.6,1787376120017,1787376941836,SHORT,76936.8,77408.7,-124.717,sl
3,0.1,0.6,1.6,1787377020023,1787377677422,SHORT,77399.2,77326.9,10.084,be
3,0.1,0.6,1.6,1787377800034,1787402927620,SHORT,77371.5,77376.6,-8.78077,be
3,0.1,0.6,1.6,1787416920169,1787445221315,SHORT,77343,77270.8,10.0601,be
3,0.1,0.6,1.6,1787445720633,1787462093181,SHORT,77232.6,76006.7,291.674,tp
3,0.1,0.6,1.6,1787463240718,1787465948743,SHORT,76282.3,76211.1,10.3128,be
3,0.1,0.6,1.6,1787466301942,1787479601704,SHORT,76267,76734.8,-126.293,sl
3,0.1,0.6,1.6,1787479740294,1787484005442,SHORT,76671,77141.2,-124.816,sl
3,0.1,0.6,1.6,1787485380004,1787491803470,LONG,77322.8,77395,10.0697,be
3,0.1,0.6,1.6,1787492340035,1787496155241,LONG,77520.9,77045.6,-123.279,sl
3,0.1,0.6,1.6,1787496420131,1787508460006,LONG,77062.6,77134.6,9.96365,be
3,0.1,0.6,1.6,1787520240415,1787526137179,LONG,77963,77485,-121.885,sl
3,0.1,0.6,1.6,1787526901788,1787536574620,LONG,77475.6,77000.6,-120.465,sl
3,0.1,0.6,1.6,1787537400132,1787541303727,LONG,77127,77199,9.72991,be
3,0.1,0.6,1.6,1787542500245,1787559382972,LONG,77113.4,77108.4,-8.48761,be
3,0.1,0.6,1.6,1787559660248,1787565285917,SHORT,77123.8,77596.7,-119.035,sl
3,0.1,0.6,1.6,1787567700369,1787569279972,LONG,77981,77503.1,-117.513,sl
3,0.1,0.6,1.6,1787569680218,1787569680463,LONG,77620.1,77610.1,-9.41243,daily_loss_limit
3,0.1,0.6,1.6,1787616780391,1787624272124,LONG,79033.9,80288.4,274.887,tp
3,0.1,0.6,1.6,1787625000013,1787626204358,LONG,81015,80518.9,-118.808,sl
3,0.1,0.6,1.6,1787627400032,1787630216384,LONG,80863.9,80368.6,-117.461,sl
3,0.1,0.6,1.6,1787630340175,1787640048606,LONG,80444.6,80520,9.54879,be
3,0.1,0.6,1.6,1787641260796,1787644139864,LONG,80632.4,80138.6,-116.116,sl
3,0.1,0.6,1.6,1787644620037,1787648560682,LONG,79745.2,79819.8,9.4287,be
3,0.1,0.6,1.6,1787648820004,1787651488599,LONG,79772.8,79284.2,-114.823,sl
3,0.1,0.6,1.6,1787652840191,1787668163955,SHORT,79287,79292,-8.05914,be
3,0.1,0.6,1.6,1787669580054,1787680068686,SHORT,79297,79223,9.27651,be
3,0.1,0.6,1.6,1787686200223,1787696027161,SHORT,78928.9,78934,-8.07855,be
3,0.1,0.6,1.6,1787696100116,1787706334096,SHORT,78927.4,78853.6,9.3037,be
3,0.1,0.6,1.6,1787707260157,1787740778723,SHORT,78844.4,78770.7,9.27668,be
3,0.1,0.6,1.6,1787740980017,1787747117419,SHORT,78687,78613.3,9.31342,be
3,0.1,0.6,1.6,1787748060345,1787758160784,SHORT,78227.7,78154.4,9.3133,be
3,0.1,0.6,1.6,1787758560043,1787765236612,SHORT,77936.7,78414.3,-113.436,sl
3,0.1,0.6,1.6,1787772480470,1787787718873,SHORT,78541.3,79022.6,-112.105,sl
3,0.1,0.6,1.6,1787788380952,1787793458268,LONG,79078.6,78594.1,-110.738,sl
3,0.1,0.6,1.6,1787793660239,1787820182709,LONG,78700,79949.3,259.472,tp
3,0.1,0.6,1.6,1787821440171,1787826264869,LONG,79793,79787.9,-7.9859,be
3,0.1,0.6,1.6,1787828520391,1787837524075,LONG,79638.1,79150.4,-112.007,sl
3,0.1,0.6,1.6,1787837640028,1787843578036,LONG,79223,80480.5,262.53,tp
3,0.1,0.6,1.6,1787844000465,1787854431288,LONG,80638.6,80144.4,-113.541,sl
3,0.1,0.6,1.6,1787854500198,1787880796473,LONG,80081.8,81353,266.033,tp
3,0.1,0.6,1.6,1787880960321,1787881750514,LONG,81177.4,80680.2,-114.994,sl
3,0.1,0.6,1.6,1787882400033,1787883725958,LONG,80505.4,80012.1,-113.701,sl
3,0.1,0.6,1.6,1787883900042,1787893314712,LONG,80075,79584.4,-112.384,sl
3,0.1,0.6,1.6,1787924220249,1787927691394,SHORT,79276.9,79282,-7.89944,be
3,0.1,0.6,1.6,1787928000066,1787932880888,SHORT,79472.7,78211,263.206,tp
3,0.1,0.6,1.6,1787933100235,1787937468914,SHORT,78057,78062.1,-8.09482,be
3,0.1,0.6,1.6,1787937960178,1787962092446,SHORT,77879.1,77884.1,-8.08124,be
3,0.1,0.6,1.6,1788092640467,1788122689528,LONG,78538.8,78533.6,-8.09132,be
3,0.1,0.6,1.6,1788122760303,1788132195641,LONG,78575.7,78094,-113.285,sl
3,0.1,0.6,1.6,1788132960373,1788134191267,SHORT,77655,77660.4,-8.05649,be
3,0.1,0.6,1.6,1788134400000,1788136525327,SHORT,77677,78153.1,-111.884,sl
3,0.1,0.6,1.6,1788138480392,1788160363618,SHORT,77689.8,78166,-110.596,sl
3,0.1,0.6,1.6,1788167880005,1788179111660,LONG,78705,78222.7,-109.211,sl
3,0.1,0.6,1.6,1788184680003,1788185029829,SHORT,77889.7,78053.4,-41.3925,daily_loss_limit
4,1,0.6,1.1,1785745560616,1785750912891,SHORT,62398.6,62783,-109.383,sl
4,1,0.6,1.1,1785765780290,1785768036698,LONG,63193.7,63879,171.999,tp
4,1,0.6,1.1,1785769500300,1785794596805,LONG,63889,63495.1,-109.92,sl
4,1,0.6,1.1,1785811141778,1785820364319,LONG,63889,63883.9,-7.94858,be
4,1,0.6,1.1,1785852060359,1785854300328,SHORT,63647,64039,-108.451,sl
4,1,0.6,1.1,1785858540110,1785886018395,LONG,64217,64275.8,8.42464,be
4,1,0.6,1.1,1785900300337,1785914374711,LONG,64124.1,64119,-7.82118,be
4,1,0.6,1.1,1785936840338,1785937988594,SHORT,63914.2,64307.7,-107.037,sl
4,1,0.6,1.1,1785943080196,1785979610016,LONG,64527,64521.8,-7.7487,be
4,1,0.6,1.1,1786024980394,1786027509701,SHORT,64443,64839.8,-105.637,sl
4,1,0.6,1.1,1786031760122,1786092189435,SHORT,64641.7,64647,-7.65993,be
4,1,0.6,1.1,1786104720075,1786111502537,LONG,65237.4,64835.7,-104.198,sl
4,1,0.6,1.1,1786113420140,1786122079788,LONG,65197,64795.6,-102.987,sl
4,1,0.6,1.1,1786314000043,1786317750708,LONG,65315,64913.1,-101.721,sl
4,1,0.6,1.1,1786370040067,1786380950075,SHORT,64537,63837,160.386,tp
4,1,0.6,1.1,1786455661081,1786459923584,LONG,64188.3,63793.2,-102.283,sl
4,1,0.6,1.1,1786460100201,1786482907967,SHORT,63757,63762,-7.3842,be
4,1,0.6,1.1,1786538460144,1786543326203,LONG,64129.6,63734.8,-100.947,sl
4,1,0.6,1.1,1786543500191,1786568332254,SHORT,63655,63596.6,7.88945,be
4,1,0.6,1.1,1786636920178,1786648069075,SHORT,63427,63432.2,-7.33642,be
4,1,0.6,1.1,1786648200270,1786695869294,SHORT,63474.4,62786,158.872,tp
4,1,0.6,1.1,1786714620131,1786722379122,SHORT,62666.3,63052.4,-101.455,sl
4,1,0.6,1.1,1786934160333,1786960084627,LONG,63299,63294,-7.32115,be
4,1,0.6,1.1,1786973640461,1786987340365,LONG,63704,64394.7,159.269,tp
4,1,0.6,1.1,1787061240316,1787062952741,SHORT,64154.4,64549.4,-101.751,sl
4,1,0.6,1.1,1787063100096,1787063537249,LONG,64732.2,64791.9,8.0048,be
4,1,0.6,1.1,1787146560230,1787151313584,LONG,65079,65784.9,160.152,tp
4,1,0.6,1.1,1787151420014,1787152402963,LONG,65889,66603.7,162.845,tp
4,1,0.6,1.1,1787152560059,1787153216679,LONG,66770.3,67494.8,165.628,tp
4,1,0.6,1.1,1787156340009,1787159312012,LONG,68676.3,68254.2,-105.47,sl
4,1,0.6,1.1,1787159400121,1787160382096,LONG,68316.3,67896.4,-104.264,sl
4,1,0.6,1.1,1787160420017,1787170390975,LONG,67923,68660.5,164.633,tp
4,1,0.6,1.1,1787170920112,1787172669693,LONG,68719,69464.9,167.328,tp
4,1,0.6,1.1,1787172840083,1787173950920,LONG,69164,69159,-7.6983,be
4,1,0.6,1.1,1787174100037,1787175652551,LONG,69439,69433.9,-7.69176,be
4,1,0.6,1.1,1787176980434,1787178339245,LONG,69619,69191.3,-106.188,sl
4,1,0.6,1.1,1787178960052,1787190505689,LONG,69059,69808.9,167.741,tp
4,1,0.6,1.1,1787190900435,1787194253041,LONG,69718.5,69290,-106.765,sl
4,1,0.6,1.1,1787197800055,1787209845305,LONG,69260.8,70012.7,168.526,tp
4,1,0.6,1.1,1787211300008,1787213355774,LONG,69609.6,70365.2,171.36,tp
4,1,0.6,1.1,1787214180303,1787217268230,LONG,71199,71972.3,174.326,tp
4,1,0.6,1.1,1787218260038,1787222015748,LONG,71867,71862,-7.96825,be
4,1,0.6,1.1,1787222220218,1787226982799,LONG,71899,71893.7,-8.01735,be
4,1,0.6,1.1,1787228580259,1787233013027,LONG,71809.9,71369.1,-110.478,sl
4,1,0.6,1.1,1787233620287,1787235362512,LONG,71630,71696.6,8.85095,be
4,1,0.6,1.1,1787235540384,1787238252301,LONG,71665.8,72444.6,174.823,tp
4,1,0.6,1.1,1787240100052,1787245827274,LONG,72519.9,72587.3,8.99017,be
4,1,0.6,1.1,1787245920145,1787259141162,LONG,72634,72629,-7.96647,be
4,1,0.6,1.1,1787260200063,1787271197148,LONG,72628,73416.9,177.457,tp
4,1,0.6,1.1,1787271660181,1787275083753,LONG,73665,74465.4,180.485,tp
4,1,0.6,1.1,1787276100015,1787276892841,LONG,74782.4,75595,183.516,tp
4,1,0.6,1.1,1787277360330,1787277692363,LONG,75391.5,74929.2,-116.467,sl
4,1,0.6,1.1,1787277840149,1787280424555,LONG,74939.1,74479.4,-115.163,sl
4,1,0.6,1.1,1787280480008,1787289494953,LONG,74600.8,75411.5,182.322,tp
4,1,0.6,1.1,1787289660109,1787296518707,LONG,75425.6,76245.2,185.395,tp
4,1,0.6,1.1,1787297400071,1787298367962,LONG,76415.4,76486.5,9.56386,be
4,1,0.6,1.1,1787298420063,1787300768336,LONG,76564,77396.1,188.567,tp
4,1,0.6,1.1,1787301900164,1787302413756,LONG,77652.3,78496.6,191.796,tp
4,1,0.6,1.1,1787303400044,1787306233960,LONG,77838.9,77833.8,-8.66242,be
4,1,0.6,1.1,1787307240192,1787310178035,LONG,78075.1,77596.2,-121.49,sl
4,1,0.6,1.1,1787310660076,1787311157073,LONG,77793.5,77316.8,-120.006,sl
4,1,0.6,1.1,1787311260119,1787311931743,LONG,77462.8,76987.7,-118.685,sl
4,1,0.6,1.1,1787312340636,1787313525276,LONG,77030.5,76558.3,-117.268,sl
4,1,0.6,1.1,1787314380422,1787319009491,LONG,76831.6,76825.8,-8.45488,be
4,1,0.6,1.1,1787319960033,1787320944420,LONG,77327,76853,-115.743,sl
4,1,0.6,1.1,1787322660015,1787328147048,LONG,77135,77129.9,-8.174,be
4,1,0.6,1.1,1787328180124,1787333075213,LONG,77195,77189.8,-8.16809,be
4,1,0.6,1.1,1787335980354,1787337873095,LONG,77345.1,76871,-114.074,sl
4,1,0.6,1.1,1787338500014,1787346702594,LONG,76849,77684.5,180.824,tp
4,1,0.6,1.1,1787347140665,1787349132336,LONG,77683,78527.6,183.881,tp
4,1,0.6,1.1,1787349600060,1787357156473,LONG,78510.1,78029.1,-116.529,sl
4,1,0.6,1.1,1787359440095,1787364018851,LONG,77806.7,77801.7,-8.20456,be
4,1,0.6,1.1,1787364060067,1787369369987,LONG,77914.3,78761.4,184.532,tp
4,1,0.6,1.1,1787370300444,1787375308907,LONG,78652.6,78170.7,-116.945,sl
4,1,0.6,1.1,1787375640058,1787376881340,SHORT,77322.7,77327.9,-8.26633,be
4,1,0.6,1.1,1787377020023,1787377677422,SHORT,77399.2,77326.9,9.45709,be
4,1,0.6,1.1,1787378100042,1787402710516,SHORT,77350.9,77356.1,-8.2581,be
4,1,0.6,1.1,1787416920169,1787445508008,SHORT,77343,77348,-8.21201,be
4,1,0.6,1.1,1787445720633,1787461711138,SHORT,77232.6,76392.9,184.817,tp
4,1,0.6,1.1,1787463240718,1787465948743,SHORT,76282.3,76211.1,9.577,be
4,1,0.6,1.1,1787466301942,1787479601704,SHORT,76267,76734.8,-117.282,sl
4,1,0.6,1.1,1787479740294,1787484005442,SHORT,76671,77141.2,-115.911,sl
4,1,0.6,1.1,1787485380004,1787496144523,LONG,77322.8,77317.7,-8.17568,be
4,1,0.6,1.1,1787496420131,1787508460006,LONG,77062.6,77134.6,9.3453,be
4,1,0.6,1.1,1787520240415,1787526137179,LONG,77963,77485,-114.321,sl
4,1,0.6,1.1,1787526901788,1787536574620,LONG,77475.6,77000.6,-112.989,sl
4,1,0.6,1.1,1787537400132,1787541303727,LONG,77127,77199,9.12607,be
4,1,0.6,1.1,1787542500245,1787559382972,LONG,77113.4,77108.4,-7.96087,be
4,1,0.6,1.1,1787559660248,1787565285917,SHORT,77123.8,77596.7,-111.648,sl
4,1,0.6,1.1,1787567700369,1787569279972,LONG,77981,77503.1,-110.22,sl
4,1,0.6,1.1,1787570100073,1787574739791,LONG,77824.1,78670.1,174.745,tp
4,1,0.6,1.1,1787575200017,1787578376528,LONG,78689.4,78684.1,-7.94181,be
4,1,0.6,1.1,1787578920372,1787579145599,LONG,78592.6,78111,-110.601,sl
4,1,0.6,1.1,1787579220016,1787580646525,LONG,78205,79055.2,175.387,tp
4,1,0.6,1.1,1787581260246,1787581419391,LONG,79239,79313.2,9.12789,be
4,1,0.6,1.1,1787581620438,1787586228287,LONG,79227,79222,-7.89333,be
4,1,0.6,1.1,1787586360089,1787587073331,LONG,79373.5,78887.1,-111.025,sl
4,1,0.6,1.1,1787587140146,1787588328987,LONG,78973,79831.8,176.094,tp
4,1,0.6,1.1,1787589060130,1787590262831,LONG,79723,79234.6,-111.568,sl
4,1,0.6,1.1,1787590620386,1787590947282,LONG,79083,78598.4,-110.298,sl
4,1,0.6,1.1,1787591040144,1787592119520,LONG,78833,78672.1,-40.7744,daily_loss_limit
4,1,0.6,1.1,1787616780391,1787619760597,LONG,79033.9,79893.2,174.098,tp
4,1,0.6,1.1,1787620680100,1787624277844,LONG,79725,80592.1,177.073,tp
4,1,0.6,1.1,1787625000013,1787626204358,LONG,81015,80518.9,-112.119,sl
4,1,0.6,1.1,1787627400032,1787630216384,LONG,80863.9,80368.6,-110.848,sl
4,1,0.6,1.1,1787630340175,1787640928355,LONG,80444.6,80439.6,-7.7674,be
4,1,0.6,1.1,1787641260796,1787644139864,LONG,80632.4,80138.6,-109.396,sl
4,1,0.6,1.1,1787644620037,1787648655595,LONG,79745.2,79739.6,-7.79014,be
4,1,0.6,1.1,1787648820004,1787651488599,LONG,79772.8,79284.2,-107.997,sl
4,1,0.6,1.1,1787653560151,1787665572930,SHORT,79298.4,78436,171.48,tp
4,1,0.6,1.1,1787666460461,1787667419468,SHORT,78625,79106.9,-108.68,sl
4,1,0.6,1.1,1787667960106,1787690827271,SHORT,79101,78240.6,172.385,tp
4,1,0.6,1.1,1787696100116,1787708132180,SHORT,78927.4,78932.7,-7.80411,be
4,1,0.6,1.1,1787711700018,1787724345026,SHORT,79171,79176.4,-7.82107,be
4,1,0.6,1.1,1787724960513,1787747419203,SHORT,78991.8,78132.8,174.728,tp
4,1,0.6,1.1,1787748060345,1787764559631,SHORT,78227.7,78232.7,-7.87251,be
4,1,0.6,1.1,1787772480470,1787787718873,SHORT,78541.3,79022.6,-110.558,sl
4,1,0.6,1.1,1787788380952,1787793458268,LONG,79078.6,78594.1,-109.21,sl
4,1,0.6,1.1,1787794500833,1787818192929,LONG,78878.8,79736.6,173.228,tp
4,1,0.6,1.1,1787818500275,1787823007068,LONG,79640.9,80507,176.121,tp
4,1,0.6,1.1,1787823540058,1787826278731,LONG,80267,79775.3,-111.576,sl
4,1,0.6,1.1,1787828520391,1787837524075,LONG,79638.1,79150.4,-110.276,sl
4,1,0.6,1.1,1787837640028,1787841391345,LONG,79223,80084.5,174.961,tp
4,1,0.6,1.1,1787841900121,1787844104035,LONG,80370.1,80445.4,9.12945,be
4,1,0.6,1.1,1787844540057,1787854431288,LONG,80630.8,80137,-110.835,sl
4,1,0.6,1.1,1787854500198,1787879934966,LONG,80081.8,80952.8,175.936,tp
4,1,0.6,1.1,1787880300006,1787880881233,LONG,81051,81127,9.17805,be
4,1,0.6,1.1,1787880960321,1787881750514,LONG,81177.4,80680.2,-111.437,sl
4,1,0.6,1.1,1787882400033,1787883725958,LONG,80505.4,80012.1,-110.184,sl
4,1,0.6,1.1,1787883900042,1787893314712,LONG,80075,79584.4,-108.907,sl
4,1,0.6,1.1,1787924220249,1787927691394,SHORT,79276.9,79282,-7.65508,be
4,1,0.6,1.1,1787928120077,1787932316646,SHORT,79491,78626.4,172.673,tp
4,1,0.6,1.1,1787932500008,1787933828514,SHORT,78535.8,77681.8,175.529,tp
4,1,0.6,1.1,1787934120035,1787934484114,SHORT,77563.4,77568.6,-7.95345,be
4,1,0.6,1.1,1787934840666,1787944870261,SHORT,77752.3,77757.3,-7.89762,be
4,1,0.6,1.1,1788093120069,1788122410678,LONG,78667.8,78662.2,-7.98159,be
4,1,0.6,1.1,1788122760303,1788132195641,LONG,78575.7,78094,-110.716,sl
4,1,0.6,1.1,1788132960373,1788134191267,SHORT,77655,77660.4,-7.87377,be
4,1,0.6,1.1,1788134400000,1788136525327,SHORT,77677,78153.1,-109.346,sl
4,1,0.6,1.1,1788138480392,1788160363618,SHORT,77689.8,78166,-108.088,sl
4,1,0.6,1.1,1788167880005,1788179111660,LONG,78705,78222.7,-106.734,sl
4,1,0.6,1.1,1788184860630,1788185029474,SHORT,77839.1,78046.5,-49.549,daily_loss_limit
5,0.9,0.6,1.1,1785745560616,1785750912891,SHORT,62398.6,62783,-109.383,sl
5,0.9,0.6,1.1,1785765780290,1785768036698,LONG,63193.7,63879,171.999,tp
5,0.9,0.6,1.1,1785769500300,1785794596805,LONG,63889,63495.1,-109.92,sl
5,0.9,0.6,1.1,1785811141778,1785820364319,LONG,63889,63883.9,-7.94858,be
5,0.9,0.6,1.1,1785852060359,1785854300328,SHORT,63647,64039,-108.451,sl
5,0.9,0.6,1.1,1785858540110,1785886018395,LONG,64217,64275.8,8.42464,be
5,0.9,0.6,1.1,1785900300337,1785914374711,LONG,64124.1,64119,-7.82118,be
5,0.9,0.6,1.1,1785936840338,1785937988594,SHORT,63914.2,64307.7,-107.037,sl
5,0.9,0.6,1.1,1785943080196,1785979610016,LONG,64527,64521.8,-7.7487,be
5,0.9,0.6,1.1,1786024980394,1786027509701,SHORT,64443,64839.8,-105.637,sl
5,0.9,0.6,1.1,1786031760122,1786092189435,SHORT,64641.7,64647,-7.65993,be
5,0.9,0.6,1.1,1786104720075,1786111502537,LONG,65237.4,64835.7,-104.198,sl
5,0.9,0.6,1.1,1786113420140,1786122079788,LONG,65197,64795.6,-102.987,sl
5,0.9,0.6,1.1,1786314000043,1786317750708,LONG,65315,64913.1,-101.721,sl
5,0.9,0.6,1.1,1786370040067,1786380950075,SHORT,64537,63837,160.386,tp
5,0.9,0.6,1.1,1786455661081,1786459923584,LONG,64188.3,63793.2,-102.283,sl
5,0.9,0.6,1.1,1786460100201,1786482907967,SHORT,63757,63762,-7.3842,be
5,0.9,0.6,1.1,1786538460144,1786543326203,LONG,64129.6,63734.8,-100.947,sl
5,0.9,0.6,1.1,1786543500191,1786568332254,SHORT,63655,63596.6,7.88945,be
5,0.9,0.6,1.1,1786636920178,1786648069075,SHORT,63427,63432.2,-7.33642,be
5,0.9,0.6,1.1,1786648200270,1786695869294,SHORT,63474.4,62786,158.872,tp
5,0.9,0.6,1.1,1786714620131,1786722379122,SHORT,62666.3,63052.4,-101.455,sl
5,0.9,0.6,1.1,1786934160333,1786960084627,LONG,63299,63294,-7.32115,be
5,0.9,0.6,1.1,1786973640461,1786987340365,LONG,63704,64394.7,159.269,tp
5,0.9,0.6,1.1,1787061240316,1787062952741,SHORT,64154.4,64549.4,-101.751,sl
5,0.9,0.6,1.1,1787063100096,1787063537249,LONG,64732.2,64791.9,8.0048,be
5,0.9,0.6,1.1,1787146560230,1787151313584,LONG,65079,65784.9,160.152,tp
5,0.9,0.6,1.1,1787151420014,1787152402963,LONG,65889,66603.7,162.845,tp
5,0.9,0.6,1.1,1787152560059,1787153216679,LONG,66770.3,67494.8,165.628,tp
5,0.9,0.6,1.1,1787156340009,1787159312012,LONG,68676.3,68254.2,-105.47,sl
5,0.9,0.6,1.1,1787159400121,1787160382096,LONG,68316.3,67896.4,-104.264,sl
5,0.9,0.6,1.1,1787160420017,1787170390975,LONG,67923,68660.5,164.633,tp
5,0.9,0.6,1.1,1787170920112,1787172669693,LONG,68719,69464.9,167.328,tp
5,0.9,0.6,1.1,1787172840083,1787173950920,LONG,69164,69159,-7.6983,be
5,0.9,0.6,1.1,1787174100037,1787175652551,LONG,69439,69433.9,-7.69176,be
5,0.9,0.6,1.1,1787176980434,1787178339245,LONG,69619,69191.3,-106.188,sl
5,0.9,0.6,1.1,1787178960052,1787190505689,LONG,69059,69808.9,167.741,tp
5,0.9,0.6,1.1,1787190900435,1787194253041,LONG,69718.5,69290,-106.765,sl
5,0.9,0.6,1.1,1787197800055,1787209845305,LONG,69260.8,70012.7,168.526,tp
5,0.9,0.6,1.1,1787211300008,1787213355774,LONG,69609.6,70365.2,171.36,tp
5,0.9,0.6,1.1,1787214180303,1787217268230,LONG,71199,71972.3,174.326,tp
5,0.9,0.6,1.1,1787218260038,1787222015748,LONG,71867,71862,-7.96825,be
5,0.9,0.6,1.1,1787222220218,1787226982799,LONG,71899,71893.7,-8.01735,be
5,0.9,0.6,1.1,1787228580259,1787233013027,LONG,71809.9,71369.1,-110.478,sl
5,0.9,0.6,1.1,1787233620287,1787235362512,LONG,71630,71696.6,8.85095,be
5,0.9,0.6,1.1,1787235540384,1787238252301,LONG,71665.8,72444.6,174.823,tp
5,0.9,0.6,1.1,1787240100052,1787245827274,LONG,72519.9,72587.3,8.99017,be
5,0.9,0.6,1.1,1787245920145,1787259141162,LONG,72634,72629,-7.96647,be
5,0.9,0.6,1.1,1787260200063,1787271197148,LONG,72628,73416.9,177.457,tp
5,0.9,0.6,1.1,1787271660181,1787275083753,LONG,73665,74465.4,180.485,tp
5,0.9,0.6,1.1,1787276100015,1787276892841,LONG,74782.4,75595,183.516,tp
5,0.9,0.6,1.1,1787277360330,1787277692363,LONG,75391.5,74929.2,-116.467,sl
5,0.9,0.6,1.1,1787277840149,1787280424555,LONG,74939.1,74479.4,-115.163,sl
5,0.9,0.6,1.1,1787280480008,1787289494953,LONG,74600.8,75411.5,182.322,tp
5,0.9,0.6,1.1,1787289660109,1787296518707,LONG,75425.6,76245.2,185.395,tp
5,0.9,0.6,1.1,1787297400071,1787298367962,LONG,76415.4,76486.5,9.56386,be
5,0.9,0.6,1.1,1787298420063,1787300768336,LONG,76564,77396.1,188.567,tp
5,0.9,0.6,1.1,1787301900164,1787302413756,LONG,77652.3,78496.6,191.796,tp
5,0.9,0.6,1.1,1787303400044,1787306233960,LONG,77838.9,77833.8,-8.66242,be
5,0.9,0.6,1.1,1787307240192,1787310178035,LONG,78075.1,77596.2,-121.49,sl
5,0.9,0.6,1.1,1787310660076,1787311157073,LONG,77793.5,77316.8,-120.006,sl
5,0.9,0.6,1.1,1787311260119,1787311931743,LONG,77462.8,76987.7,-118.685,sl
5,0.9,0.6,1.1,1787312340636,1787313525276,LONG,77030.5,76558.3,-117.268,sl
5,0.9,0.6,1.1,1787314380422,1787319009491,LONG,76831.6,76825.8,-8.45488,be
5,0.9,0.6,1.1,1787319960033,1787320944420,LONG,77327,76853,-115.743,sl
5,0.9,0.6,1.1,1787322660015,1787328147048,LONG,77135,77129.9,-8.174,be
5,0.9,0.6,1.1,1787328180124,1787333075213,LONG,77195,77189.8,-8.16809,be
5,0.9,0.6,1.1,1787335980354,1787337873095,LONG,77345.1,76871,-114.074,sl
5,0.9,0.6,1.1,1787338500014,1787346702594,LONG,76849,77684.5,180.824,tp
5,0.9,0.6,1.1,1787347140665,1787349132336,LONG,77683,78527.6,183.881,tp
5,0.9,0.6,1.1,1787349600060,1787357156473,LONG,78510.1,78029.1,-116.529,sl
5,0.9,0.6,1.1,1787359440095,1787364018851,LONG,77806.7,77801.7,-8.20456,be
5,0.9,0.6,1.1,1787364060067,1787369369987,LONG,77914.3,78761.4,184.532,tp
5,0.9,0.6,1.1,1787370300444,1787375308907,LONG,78652.6,78170.7,-116.945,sl
5,0.9,0.6,1.1,1787375640058,1787376881340,SHORT,77322.7,77327.9,-8.26633,be
5,0.9,0.6,1.1,1787377020023,1787377677422,SHORT,77399.2,77326.9,9.45709,be
5,0.9,0.6,1.1,1787378100042,1787402710516,SHORT,77350.9,77356.1,-8.2581,be
5,0.9,0.6,1.1,1787416920169,1787445508008,SHORT,77343,77348,-8.21201,be
5,0.9,0.6,1.1,1787445720633,1787461711138,SHORT,77232.6,76392.9,184.817,tp
5,0.9,0.6,1.1,1787463240718,1787465948743,SHORT,76282.3,76211.1,9.577,be
5,0.9,0.6,1.1,1787466301942,1787479601704,SHORT,76267,76734.8,-117.282,sl
5,0.9,0.6,1.1,1787479740294,1787484005442,SHORT,76671,77141.2,-115.911,sl
5,0.9,0.6,1.1,1787485380004,1787496144523,LONG,77322.8,77317.7,-8.17568,be
5,0.9,0.6,1.1,1787496420131,1787508460006,LONG,77062.6,77134.6,9.3453,be
5,0.9,0.6,1.1,1787520240415,1787526137179,LONG,77963,77485,-114.321,sl
5,0.9,0.6,1.1,1787526901788,1787536574620,LONG,77475.6,77000.6,-112.989,sl
5,0.9,0.6,1.1,1787537400132,1787541303727,LONG,77127,77199,9.12607,be
5,0.9,0.6,1.1,1787542500245,1787559382972,LONG,77113.4,77108.4,-7.96087,be
5,0.9,0.6,1.1,1787559660248,1787565285917,SHORT,77123.8,77596.7,-111.648,sl
5,0.9,0.6,1.1,1787567700369,1787569279972,LONG,77981,77503.1,-110.22,sl
5,0.9,0.6,1.1,1787570100073,1787574739791,LONG,77824.1,78670.1,174.745,tp
5,0.9,0.6,1.1,1787575200017,1787578376528,LONG,78689.4,78684.1,-7.94181,be
5,0.9,0.6,1.1,1787578920372,1787579145599,LONG,78592.6,78111,-110.601,sl
5,0.9,0.6,1.1,1787579220016,1787580646525,LONG,78205,79055.2,175.387,tp
5,0.9,0.6,1.1,1787581260246,1787581419391,LONG,79239,79313.2,9.12789,be
5,0.9,0.6,1.1,1787581620438,1787586228287,LONG,79227,79222,-7.89333,be
5,0.9,0.6,1.1,1787586360089,1787587073331,LONG,79373.5,78887.1,-111.025,sl
5,0.9,0.6,1.1,1787587140146,1787588328987,LONG,78973,79831.8,176.094,tp
5,0.9,0.6,1.1,1787589060130,1787590262831,LONG,79723,79234.6,-111.568,sl
5,0.9,0.6,1.1,1787590620386,1787590947282,LONG,79083,78598.4,-110.298,sl
5,0.9,0.6,1.1,1787591040144,1787592119520,LONG,78833,78672.1,-40.7744,daily_loss_limit
5,0.9,0.6,1.1,1787616780391,1787619760597,LONG,79033.9,79893.2,174.098,tp
5,0.9,0.6,1.1,1787620680100,1787624277844,LONG,79725,80592.1,177.073,tp
5,0.9,0.6,1.1,1787625000013,1787626204358,LONG,81015,80518.9,-112.119,sl
5,0.9,0.6,1.1,1787627400032,1787630216384,LONG,80863.9,80368.6,-110.848,sl
5,0.9,0.6,1.1,1787630340175,1787640928355,LONG,80444.6,80439.6,-7.7674,be
5,0.9,0.6,1.1,1787641260796,1787644139864,LONG,80632.4,80138.6,-109.396,sl
5,0.9,0.6,1.1,1787644620037,1787648655595,LONG,79745.2,79739.6,-7.79014,be
5,0.9,0.6,1.1,1787648820004,1787651488599,LONG,79772.8,79284.2,-107.997,sl
5,0.9,0.6,1.1,1787653560151,1787665572930,SHORT,79298.4,78436,171.48,tp
5,0.9,0.6,1.1,1787666460461,1787667419468,SHORT,78625,79106.9,-108.68,sl
5,0.9,0.6,1.1,1787667960106,1787690827271,SHORT,79101,78240.6,172.385,tp
5,0.9,0.6,1.1,1787696100116,1787708132180,SHORT,78927.4,78932.7,-7.80411,be
5,0.9,0.6,1.1,1787711700018,1787724345026,SHORT,79171,79176.4,-7.82107,be
5,0.9,0.6,1.1,1787724960513,1787747419203,SHORT,78991.8,78132.8,174.728,tp
5,0.9,0.6,1.1,1787748060345,1787764559631,SHORT,78227.7,78232.7,-7.87251,be
5,0.9,0.6,1.1,1787772480470,1787787718873,SHORT,78541.3,79022.6,-110.558,sl
5,0.9,0.6,1.1,1787788380952,1787793458268,LONG,79078.6,78594.1,-109.21,sl
5,0.9,0.6,1.1,1787794500833,1787818192929,LONG,78878.8,79736.6,173.228,tp
5,0.9,0.6,1.1,1787818500275,1787823007068,LONG,79640.9,80507,176.121,tp
5,0.9,0.6,1.1,1787823540058,1787826278731,LONG,80267,79775.3,-111.576,sl
5,0.9,0.6,1.1,1787828520391,1787837524075,LONG,79638.1,79150.4,-110.276,sl
5,0.9,0.6,1.1,1787837640028,1787841391345,LONG,79223,80084.5,174.961,tp
5,0.9,0.6,1.1,1787841900121,1787844104035,LONG,80370.1,80445.4,9.12945,be
5,0.9,0.6,1.1,1787844540057,1787854431288,LONG,80630.8,80137,-110.835,sl
5,0.9,0.6,1.1,1787854500198,1787879934966,LONG,80081.8,80952.8,175.936,tp
5,0.9,0.6,1.1,1787880300006,1787880881233,LONG,81051,81127,9.17805,be
5,0.9,0.6,1.1,1787880960321,1787881750514,LONG,81177.4,80680.2,-111.437,sl
5,0.9,0.6,1.1,1787882400033,1787883725958,LONG,80505.4,80012.1,-110.184,sl
5,0.9,0.6,1.1,1787883900042,1787893314712,LONG,80075,79584.4,-108.907,sl
5,0.9,0.6,1.1,1787924220249,1787927691394,SHORT,79276.9,79282,-7.65508,be
5,0.9,0.6,1.1,1787928120077,1787932316646,SHORT,79491,78626.4,172.673,tp
5,0.9,0.6,1.1,1787932500008,1787933828514,SHORT,78535.8,77681.8,175.529,tp
5,0.9,0.6,1.1,1787934120035,1787934484114,SHORT,77563.4,77568.6,-7.95345,be
5,0.9,0.6,1.1,1787934840666,1787944870261,SHORT,77752.3,77757.3,-7.89762,be
5,0.9,0.6,1.1,1788093120069,1788122410678,LONG,78667.8,78662.2,-7.98159,be
5,0.9,0.6,1.1,1788122760303,1788132195641,LONG,78575.7,78094,-110.716,sl
5,0.9,0.6,1.1,1788132960373,1788134191267,SHORT,77655,77660.4,-7.87377,be
5,0.9,0.6,1.1,1788134400000,1788136525327,SHORT,77677,78153.1,-109.346,sl
5,0.9,0.6,1.1,1788138480392,1788160363618,SHORT,77689.8,78166,-108.088,sl
5,0.9,0.6,1.1,1788167880005,1788179111660,LONG,78705,78222.7,-106.734,sl
5,0.9,0.6,1.1,1788184860630,1788185029474,SHORT,77839.1,78046.5,-49.549,daily_loss_limit
6,0.2,0.6,1.6,1785696421828,1785709992022,LONG,63437,63495.1,8.59764,be
6,0.2,0.6,1.6,1785745560616,1785750912891,SHORT,62398.6,62783,-109.404,sl
6,0.2,0.6,1.6,1785765780290,1785818870605,LONG,63193.7,64194.9,254.365,tp
6,0.2,0.6,1.6,1785852060359,1785854300328,SHORT,63647,64039,-110.807,sl
6,0.2,0.6,1.6,1785858540110,1785886018395,LONG,64217,64275.8,8.60765,be
6,0.2,0.6,1.6,1785900300337,1785913808675,LONG,64124.1,64183.1,8.69134,be
6,0.2,0.6,1.6,1785936840338,1785937988594,SHORT,63914.2,64307.7,-109.545,sl
6,0.2,0.6,1.6,1785939960184,1785943087875,LONG,64395,64454.4,8.60775,be
6,0.2,0.6,1.6,1785943260244,1785967406657,LONG,64589,64648.2,8.53569,be
6,0.2,0.6,1.6,1786024980394,1786027509701,SHORT,64443,64839.8,-108.313,sl
6,0.2,0.6,1.6,1786031760122,1786092130054,SHORT,64641.7,64582.6,8.40647,be
6,0.2,0.6,1.6,1786104720075,1786111502537,LONG,65237.4,64835.7,-107.016,sl
6,0.2,0.6,1.6,1786113420140,1786122079788,LONG,65197,64795.6,-105.773,sl
6,0.2,0.6,1.6,1786314000043,1786317750708,LONG,65315,64913.1,-104.472,sl
6,0.2,0.6,1.6,1786370040067,1786462704329,SHORT,64537,63514.3,243.574,tp
6,0.2,0.6,1.6,1786538220015,1786543278582,LONG,64185,63789.7,-105.961,sl
6,0.2,0.6,1.6,1786543500191,1786568332254,SHORT,63655,63596.6,8.27713,be
6,0.2,0.6,1.6,1786636920178,1786648069075,SHORT,63427,63432.2,-7.69693,be
6,0.2,0.6,1.6,1786648200270,1786935186772,SHORT,63474.4,63480,-7.78016,be
6,0.2,0.6,1.6,1786935420300,1786972631533,LONG,63430.9,63489,8.21024,be
6,0.2,0.6,1.6,1786973640461,1787063053971,LONG,63704,64713.2,245.917,tp
6,0.2,0.6,1.6,1787063100096,1787063537249,LONG,64732.2,64791.9,8.52563,be
6,0.2,0.6,1.6,1787063760212,1787101346687,LONG,64836.3,64437.3,-107.015,sl
6,0.2,0.6,1.6,1787143200089,1787151280798,LONG,64729,65754.6,249.25,tp
6,0.2,0.6,1.6,1787151420014,1787153010776,LONG,65889,66933.1,255.543,tp
6,0.2,0.6,1.6,1787153940177,1787154249635,LONG,68496.2,68559.4,8.85837,be
6,0.2,0.6,1.6,1787155080039,1787156002880,LONG,68469.1,68532.4,8.8837,be
6,0.2,0.6,1.6,1787156220087,1787159289616,LONG,68705,68282.6,-111.092,sl
6,0.2,0.6,1.6,1787159400121,1787160382096,LONG,68316.3,67896.4,-109.774,sl
6,0.2,0.6,1.6,1787160420017,1787172640223,LONG,67923,69000,256.175,tp
6,0.2,0.6,1.6,1787172840083,1787173950920,LONG,69164,69159,-8.03686,be
6,0.2,0.6,1.6,1787174100037,1787175554915,LONG,69439,69503.3,8.92098,be
6,0.2,0.6,1.6,1787176440206,1787177291001,LONG,69789,69360.2,-111.044,sl
6,0.2,0.6,1.6,1787177340154,1787178833339,LONG,69439,69012.2,-109.811,sl
6,0.2,0.6,1.6,1787178960052,1787179709009,LONG,69059,69123,8.73238,be
6,0.2,0.6,1.6,1787182560033,1787188089661,LONG,69263,69327,8.68895,be
6,0.2,0.6,1.6,1787190900435,1787194253041,LONG,69718.5,69290,-108.58,sl
6,0.2,0.6,1.6,1787197800055,1787213280037,LONG,69260.8,70359,253.368,tp
6,0.2,0.6,1.6,1787214180303,1787220922625,LONG,71199,72328.2,259.789,tp
6,0.2,0.6,1.6,1787222220218,1787226913545,LONG,71899,71965.9,9.12332,be
6,0.2,0.6,1.6,1787228580259,1787233013027,LONG,71809.9,71369.1,-112.674,sl
6,0.2,0.6,1.6,1787233620287,1787235362512,LONG,71630,71696.6,9.02693,be
6,0.2,0.6,1.6,1787235540384,1787239938544,LONG,71665.8,72802.4,263.36,tp
6,0.2,0.6,1.6,1787240100052,1787245827274,LONG,72519.9,72587.3,9.24394,be
6,0.2,0.6,1.6,1787245920145,1787258558674,LONG,72634,72701.5,9.2589,be
6,0.2,0.6,1.6,1787260200063,1787271517677,LONG,72628,73780,270.096,tp
6,0.2,0.6,1.6,1787271660181,1787275094332,LONG,73665,74833.7,276.944,tp
6,0.2,0.6,1.6,1787276100015,1787278259086,LONG,74782.4,74777.3,-8.59284,be
6,0.2,0.6,1.6,1787278320015,1787281566845,LONG,74781.1,74322.2,-119.833,sl
6,0.2,0.6,1.6,1787281740006,1787292485455,LONG,74330.1,75509.5,280.244,tp
6,0.2,0.6,1.6,1787294100084,1787296593721,LONG,75642.5,76842.8,287.305,tp
6,0.2,0.6,1.6,1787297400071,1787298367962,LONG,76415.4,76486.5,10.1115,be
6,0.2,0.6,1.6,1787298420063,1787301747232,LONG,76564,77779,294.591,tp
6,0.2,0.6,1.6,1787301900164,1787302636651,LONG,77652.3,78884.8,302.034,tp
6,0.2,0.6,1.6,1787303400044,1787306233463,LONG,77838.9,77911.7,10.701,be
6,0.2,0.6,1.6,1787307240192,1787310178035,LONG,78075.1,77596.2,-130.777,sl
6,0.2,0.6,1.6,1787310660076,1787311157073,LONG,77793.5,77316.8,-129.179,sl
6,0.2,0.6,1.6,1787311260119,1787311931743,LONG,77462.8,76987.7,-127.758,sl
6,0.2,0.6,1.6,1787312340636,1787313525276,LONG,77030.5,76558.3,-126.232,sl
6,0.2,0.6,1.6,1787314380422,1787319009491,LONG,76831.6,76825.8,-9.10121,be
6,0.2,0.6,1.6,1787319960033,1787320944420,LONG,77327,76853,-124.591,sl
6,0.2,0.6,1.6,1787322660015,1787328147048,LONG,77135,77129.9,-8.79885,be
6,0.2,0.6,1.6,1787328180124,1787332815043,LONG,77195,77267,10.0341,be
6,0.2,0.6,1.6,1787332920308,1787337918627,LONG,77313,76839.1,-122.991,sl
6,0.2,0.6,1.6,1787338500014,1787342412214,LONG,76849,76920.7,9.92596,be
6,0.2,0.6,1.6,1787342940486,1787347996803,LONG,77161.6,78386.1,288.094,tp
6,0.2,0.6,1.6,1787348460005,1787349710639,LONG,78142.7,78215.8,10.222,be
6,0.2,0.6,1.6,1787350320300,1787351465951,LONG,78649.9,78168,-124.644,sl
6,0.2,0.6,1.6,1787351760573,1787354894351,LONG,78324.7,78398,10.1087,be
6,0.2,0.6,1.6,1787358000364,1787375352811,LONG,78067.2,78062,-8.81949,be
6,0.2,0.6,1.6,1787375640058,1787375861369,SHORT,77322.7,77250.4,10.089,be
6,0.2,0.6,1.6,1787376120017,1787376941836,SHORT,76936.8,77408.7,-123.271,sl
6,0.2,0.6,1.6,1787377020023,1787377677422,SHORT,77399.2,77326.9,9.96708,be
6,0.2,0.6,1.6,1787377800034,1787402927620,SHORT,77371.5,77376.6,-8.67899,be
6,0.2,0.6,1.6,1787416920169,1787445221315,SHORT,77343,77270.8,9.9435,be
6,0.2,0.6,1.6,1787445720633,1787462093181,SHORT,77232.6,76006.7,288.293,tp
6,0.2,0.6,1.6,1787463240718,1787465948743,SHORT,76282.3,76211.1,10.1932,be
6,0.2,0.6,1.6,1787466301942,1787479601704,SHORT,76267,76734.8,-124.829,sl
6,0.2,0.6,1.6,1787479740294,1787484005442,SHORT,76671,77141.2,-123.369,sl
6,0.2,0.6,1.6,1787485380004,1787491803470,LONG,77322.8,77395,9.95302,be
6,0.2,0.6,1.6,1787492340035,1787496155241,LONG,77520.9,77045.6,-121.85,sl
6,0.2,0.6,1.6,1787496420131,1787508460006,LONG,77062.6,77134.6,9.84815,be
6,0.2,0.6,1.6,1787520240415,1787526137179,LONG,77963,77485,-120.472,sl
6,0.2,0.6,1.6,1787526901788,1787536574620,LONG,77475.6,77000.6,-119.069,sl
6,0.2,0.6,1.6,1787537400132,1787541303727,LONG,77127,77199,9.61713,be
6,0.2,0.6,1.6,1787542500245,1787559382972,LONG,77113.4,77108.4,-8.38923,be
6,0.2,0.6,1.6,1787559660248,1787565285917,SHORT,77123.8,77596.7,-117.655,sl
6,0.2,0.6,1.6,1787567700369,1787569279972,LONG,77981,77503.1,-116.151,sl
6,0.2,0.6,1.6,1787569680218,1787575355186,LONG,77620.1,78852,272.072,tp
6,0.2,0.6,1.6,1787575740010,1787577359170,LONG,78939,79012.9,9.65192,be
6,0.2,0.6,1.6,1787577660023,1787578718288,LONG,79054.9,78570.5,-117.703,sl
6,0.2,0.6,1.6,1787578920372,1787579145599,LONG,78592.6,78111,-116.346,sl
6,0.2,0.6,1.6,1787579220016,1787579596670,LONG,78205,78095.7,-31.6697,daily_loss_limit
6,0.2,0.6,1.6,1787616780391,1787624272124,LONG,79033.9,80288.4,271.615,tp
6,0.2,0.6,1.6,1787625000013,1787626204358,LONG,81015,80518.9,-117.394,sl
6,0.2,0.6,1.6,1787627400032,1787630216384,LONG,80863.9,80368.6,-116.063,sl
6,0.2,0.6,1.6,1787630340175,1787640048606,LONG,80444.6,80520,9.43515,be
6,0.2,0.6,1.6,1787641260796,1787644139864,LONG,80632.4,80138.6,-114.734,sl
6,0.2,0.6,1.6,1787644620037,1787648560682,LONG,79745.2,79819.8,9.31649,be
6,0.2,0.6,1.6,1787648820004,1787651488599,LONG,79772.8,79284.2,-113.457,sl
6,0.2,0.6,1.6,1787652840191,1787668163955,SHORT,79287,79292,-7.96322,be
6,0.2,0.6,1.6,1787669580054,1787680068686,SHORT,79297,79223,9.16611,be
6,0.2,0.6,1.6,1787686200223,1787696027161,SHORT,78928.9,78934,-7.98241,be
6,0.2,0.6,1.6,1787696100116,1787706334096,SHORT,78927.4,78853.6,9.19297,be
6,0.2,0.6,1.6,1787707260157,1787740778723,SHORT,78844.4,78770.7,9.16627,be
6,0.2,0.6,1.6,1787741580599,1787747396539,SHORT,78790.6,78716.9,9.1858,be
6,0.2,0.6,1.6,1787748060345,1787758160784,SHORT,78227.7,78154.4,9.20245,be
6,0.2,0.6,1.6,1787758560043,1787765236612,SHORT,77936.7,78414.3,-112.086,sl
6,0.2,0.6,1.6,1787772480470,1787787718873,SHORT,78541.3,79022.6,-110.771,sl
6,0.2,0.6,1.6,1787788380952,1787793458268,LONG,79078.6,78594.1,-109.42,sl
6,0.2,0.6,1.6,1787793660239,1787820182709,LONG,78700,79949.3,256.384,tp
6,0.2,0.6,1.6,1787821440171,1787826264869,LONG,79793,79787.9,-7.89084,be
6,0.2,0.6,1.6,1787828520391,1787837524075,LONG,79638.1,79150.4,-110.674,sl
6,0.2,0.6,1.6,1787837640028,1787843578036,LONG,79223,80480.5,259.405,tp
6,0.2,0.6,1.6,1787844540057,1787854431288,LONG,80630.8,80137,-112.12,sl
6,0.2,0.6,1.6,1787854500198,1787880796473,LONG,80081.8,81353,262.868,tp
6,0.2,0.6,1.6,1787880960321,1787881750514,LONG,81177.4,80680.2,-113.626,sl
6,0.2,0.6,1.6,1787882400033,1787883725958,LONG,80505.4,80012.1,-112.348,sl
6,0.2,0.6,1.6,1787883900042,1787893314712,LONG,80075,79584.4,-111.047,sl
6,0.2,0.6,1.6,1787924220249,1787927691394,SHORT,79276.9,79282,-7.80547,be
6,0.2,0.6,1.6,1787928120077,1787932880777,SHORT,79491,78229,260.085,tp
6,0.2,0.6,1.6,1787933100235,1787937468914,SHORT,78057,78062.1,-7.99852,be
6,0.2,0.6,1.6,1787937960178,1787962092446,SHORT,77879.1,77884.1,-7.98511,be
6,0.2,0.6,1.6,1788093120069,1788122410678,LONG,78667.8,78662.2,-8.0696,be
6,0.2,0.6,1.6,1788122520317,1788123742367,LONG,78725.9,78243.4,-111.923,sl
6,0.2,0.6,1.6,1788125160480,1788132195615,LONG,78605,78123.4,-110.593,sl
6,0.2,0.6,1.6,1788132960373,1788134191267,SHORT,77655,77660.4,-7.86873,be
6,0.2,0.6,1.6,1788134400000,1788136525327,SHORT,77677,78153.1,-109.276,sl
6,0.2,0.6,1.6,1788138480392,1788160363618,SHORT,77689.8,78166,-108.019,sl
6,0.2,0.6,1.6,1788167880005,1788179111660,LONG,78705,78222.7,-106.666,sl
6,0.2,0.6,1.6,1788184680003,1788186662770,SHORT,77889.7,78098.6,-49.811,daily_loss_limit
7,0.3,0.6,1.6,1785745560616,1785750912891,SHORT,62398.6,62783,-109.383,sl
7,0.3,0.6,1.6,1785765780290,1785818870605,LONG,63193.7,64194.9,254.315,tp
7,0.3,0.6,1.6,1785852060359,1785854300328,SHORT,63647,64039,-110.786,sl
7,0.3,0.6,1.6,1785858540110,1785886018395,LONG,64217,64275.8,8.60599,be
7,0.3,0.6,1.6,1785900300337,1785913808675,LONG,64124.1,64183.1,8.68966,be
7,0.3,0.6,1.6,1785936840338,1785937988594,SHORT,63914.2,64307.7,-109.524,sl
7,0.3,0.6,1.6,1785939960184,1785943087875,LONG,64395,64454.4,8.60609,be
7,0.3,0.6,1.6,1785943260244,1785967406657,LONG,64589,64648.2,8.53404,be
7,0.3,0.6,1.6,1786024980394,1786027509701,SHORT,64443,64839.8,-108.293,sl
7,0.3,0.6,1.6,1786031760122,1786092130054,SHORT,64641.7,64582.6,8.40485,be
7,0.3,0.6,1.6,1786104720075,1786111502537,LONG,65237.4,64835.7,-106.995,sl
7,0.3,0.6,1.6,1786113420140,1786122079788,LONG,65197,64795.6,-105.752,sl
7,0.3,0.6,1.6,1786314000043,1786317750708,LONG,65315,64913.1,-104.451,sl
7,0.3,0.6,1.6,1786370040067,1786462704329,SHORT,64537,63514.3,243.527,tp
7,0.3,0.6,1.6,1786538220015,1786543278582,LONG,64185,63789.7,-105.94,sl
7,0.3,0.6,1.6,1786543500191,1786568332254,SHORT,63655,63596.6,8.27553,be
7,0.3,0.6,1.6,1786636920178,1786648069075,SHORT,63427,63432.2,-7.69544,be
7,0.3,0.6,1.6,1786648200270,1786935186772,SHORT,63474.4,63480,-7.77866,be
7,0.3,0.6,1.6,1786973640461,1787063053971,LONG,63704,64713.2,245.822,tp
7,0.3,0.6,1.6,1787063100096,1787063537249,LONG,64732.2,64791.9,8.52234,be
7,0.3,0.6,1.6,1787063760212,1787101346687,LONG,64836.3,64437.3,-106.974,sl
7,0.3,0.6,1.6,1787143200089,1787151280798,LONG,64729,65754.6,249.154,tp
7,0.3,0.6,1.6,1787151420014,1787153010776,LONG,65889,66933.1,255.444,tp
7,0.3,0.6,1.6,1787153940177,1787154249635,LONG,68496.2,68559.4,8.85496,be
7,0.3,0.6,1.6,1787156340009,1787159312012,LONG,68676.3,68254.2,-110.978,sl
7,0.3,0.6,1.6,1787159400121,1787160382096,LONG,68316.3,67896.4,-109.709,sl
7,0.3,0.6,1.6,1787160420017,1787172640223,LONG,67923,69000,256.024,tp
7,0.3,0.6,1.6,1787172840083,1787173950920,LONG,69164,69159,-8.03215,be
7,0.3,0.6,1.6,1787174100037,1787175554915,LONG,69439,69503.3,8.91575,be
7,0.3,0.6,1.6,1787176440206,1787177291001,LONG,69789,69360.2,-110.979,sl
7,0.3,0.6,1.6,1787177340154,1787178833339,LONG,69439,69012.2,-109.746,sl
7,0.3,0.6,1.6,1787178960052,1787179709009,LONG,69059,69123,8.72726,be
7,0.3,0.6,1.6,1787182560033,1787188089661,LONG,69263,69327,8.68386,be
7,0.3,0.6,1.6,1787190900435,1787194253041,LONG,69718.5,69290,-108.517,sl
7,0.3,0.6,1.6,1787197800055,1787213280037,LONG,69260.8,70359,253.219,tp
7,0.3,0.6,1.6,1787214180303,1787220922625,LONG,71199,72328.2,259.636,tp
7,0.3,0.6,1.6,1787222220218,1787226913545,LONG,71899,71965.9,9.11797,be
7,0.3,0.6,1.6,1787228580259,1787233013027,LONG,71809.9,71369.1,-112.608,sl
7,0.3,0.6,1.6,1787233620287,1787235362512,LONG,71630,71696.6,9.02164,be
7,0.3,0.6,1.6,1787235540384,1787239938544,LONG,71665.8,72802.4,263.205,tp
7,0.3,0.6,1.6,1787240100052,1787245827274,LONG,72519.9,72587.3,9.23852,be
7,0.3,0.6,1.6,1787245920145,1787258558674,LONG,72634,72701.5,9.25347,be
7,0.3,0.6,1.6,1787260200063,1787271517677,LONG,72628,73780,269.938,tp
7,0.3,0.6,1.6,1787271660181,1787275094332,LONG,73665,74833.7,276.782,tp
7,0.3,0.6,1.6,1787276100015,1787278259086,LONG,74782.4,74777.3,-8.5878,be
7,0.3,0.6,1.6,1787278320015,1787281566845,LONG,74781.1,74322.2,-119.762,sl
7,0.3,0.6,1.6,1787281740006,1787292485455,LONG,74330.1,75509.5,280.08,tp
7,0.3,0.6,1.6,1787294100084,1787296593721,LONG,75642.5,76842.8,287.136,tp
7,0.3,0.6,1.6,1787297400071,1787298367962,LONG,76415.4,76486.5,10.1055,be
7,0.3,0.6,1.6,1787298420063,1787301747232,LONG,76564,77779,294.418,tp
7,0.3,0.6,1.6,1787301900164,1787302636651,LONG,77652.3,78884.8,301.857,tp
7,0.3,0.6,1.6,1787303400044,1787306233463,LONG,77838.9,77911.7,10.6947,be
7,0.3,0.6,1.6,1787307240192,1787310178035,LONG,78075.1,77596.2,-130.701,sl
7,0.3,0.6,1.6,1787310660076,1787311157073,LONG,77793.5,77316.8,-129.103,sl
7,0.3,0.6,1.6,1787311260119,1787311931743,LONG,77462.8,76987.7,-127.683,sl
7,0.3,0.6,1.6,1787312340636,1787313525276,LONG,77030.5,76558.3,-126.158,sl
7,0.3,0.6,1.6,1787314380422,1787319009491,LONG,76831.6,76825.8,-9.09587,be
7,0.3,0.6,1.6,1787319960033,1787320944420,LONG,77327,76853,-124.518,sl
7,0.3,0.6,1.6,1787322660015,1787328147048,LONG,77135,77129.9,-8.79369,be
7,0.3,0.6,1.6,1787328180124,1787332815043,LONG,77195,77267,10.0282,be
7,0.3,0.6,1.6,1787332920308,1787337918627,LONG,77313,76839.1,-122.919,sl
7,0.3,0.6,1.6,1787338500014,1787342412214,LONG,76849,76920.7,9.92014,be
7,0.3,0.6,1.6,1787342940486,1787347996803,LONG,77161.6,78386.1,287.925,tp
7,0.3,0.6,1.6,1787348460005,1787349710639,LONG,78142.7,78215.8,10.216,be
7,0.3,0.6,1.6,1787350320300,1787351465951,LONG,78649.9,78168,-124.571,sl
7,0.3,0.6,1.6,1787351760573,1787354894351,LONG,78324.7,78398,10.1027,be
7,0.3,0.6,1.6,1787358060640,1787375350451,LONG,78079,78073.8,-8.80929,be
7,0.3,0.6,1.6,1787375640058,1787375861369,SHORT,77322.7,77250.4,10.0831,be
7,0.3,0.6,1.6,1787376120017,1787376941836,SHORT,76936.8,77408.7,-123.199,sl
7,0.3,0.6,1.6,1787377020023,1787377677422,SHORT,77399.2,77326.9,9.96124,be
7,0.3,0.6,1.6,1787377800034,1787402927620,SHORT,77371.5,77376.6,-8.67391,be
7,0.3,0.6,1.6,1787416920169,1787445221315,SHORT,77343,77270.8,9.93768,be
7,0.3,0.6,1.6,1787445720633,1787462093181,SHORT,77232.6,76006.7,288.124,tp
7,0.3,0.6,1.6,1787463240718,1787465948743,SHORT,76282.3,76211.1,10.1872,be
7,0.3,0.6,1.6,1787466301942,1787479601704,SHORT,76267,76734.8,-124.756,sl
7,0.3,0.6,1.6,1787479740294,1787484005442,SHORT,76671,77141.2,-123.297,sl
7,0.3,0.6,1.6,1787485380004,1787491803470,LONG,77322.8,77395,9.94719,be
7,0.3,0.6,1.6,1787492340035,1787496155241,LONG,77520.9,77045.6,-121.779,sl
7,0.3,0.6,1.6,1787496420131,1787508460006,LONG,77062.6,77134.6,9.84238,be
7,0.3,0.6,1.6,1787520240415,1787526137179,LONG,77963,77485,-120.402,sl
7,0.3,0.6,1.6,1787526901788,1787536574620,LONG,77475.6,77000.6,-118.999,sl
7,0.3,0.6,1.6,1787537400132,1787541303727,LONG,77127,77199,9.61149,be
7,0.3,0.6,1.6,1787542500245,1787559382972,LONG,77113.4,77108.4,-8.38431,be
7,0.3,0.6,1.6,1787559660248,1787565285917,SHORT,77123.8,77596.7,-117.587,sl
7,0.3,0.6,1.6,1787567700369,1787569279972,LONG,77981,77503.1,-116.083,sl
7,0.3,0.6,1.6,1787570100073,1787570101675,LONG,77824.1,77798.4,-12.8378,daily_loss_limit
7,0.3,0.6,1.6,1787616780391,1787624272124,LONG,79033.9,80288.4,271.45,tp
7,0.3,0.6,1.6,1787625000013,1787626204358,LONG,81015,80518.9,-117.322,sl
7,0.3,0.6,1.6,1787627400032,1787630216384,LONG,80863.9,80368.6,-115.992,sl
7,0.3,0.6,1.6,1787630340175,1787640048606,LONG,80444.6,80520,9.42941,be
7,0.3,0.6,1.6,1787641260796,1787644139864,LONG,80632.4,80138.6,-114.664,sl
7,0.3,0.6,1.6,1787644620037,1787648560682,LONG,79745.2,79819.8,9.31082,be
7,0.3,0.6,1.6,1787648820004,1787651488599,LONG,79772.8,79284.2,-113.388,sl
7,0.3,0.6,1.6,1787652840191,1787668163955,SHORT,79287,79292,-7.95838,be
7,0.3,0.6,1.6,1787669580054,1787680068686,SHORT,79297,79223,9.16053,be
7,0.3,0.6,1.6,1787686200223,1787696027161,SHORT,78928.9,78934,-7.97755,be
7,0.3,0.6,1.6,1787696100116,1787706334096,SHORT,78927.4,78853.6,9.18738,be
7,0.3,0.6,1.6,1787707260157,1787740778723,SHORT,78844.4,78770.7,9.16069,be
7,0.3,0.6,1.6,1787741580599,1787747396539,SHORT,78790.6,78716.9,9.18021,be
7,0.3,0.6,1.6,1787748060345,1787758160784,SHORT,78227.7,78154.4,9.19685,be
7,0.3,0.6,1.6,1787758560043,1787765236612,SHORT,77936.7,78414.3,-112.018,sl
7,0.3,0.6,1.6,1787772480470,1787787718873,SHORT,78541.3,79022.6,-110.703,sl
7,0.3,0.6,1.6,1787788380952,1787793458268,LONG,79078.6,78594.1,-109.354,sl
7,0.3,0.6,1.6,1787793660239,1787820182709,LONG,78700,79949.3,256.228,tp
7,0.3,0.6,1.6,1787821440171,1787826264869,LONG,79793,79787.9,-7.88604,be
7,0.3,0.6,1.6,1787828520391,1787837524075,LONG,79638.1,79150.4,-110.606,sl
7,0.3,0.6,1.6,1787837640028,1787843578036,LONG,79223,80480.5,259.247,tp
7,0.3,0.6,1.6,1787844540057,1787854431288,LONG,80630.8,80137,-112.052,sl
7,0.3,0.6,1.6,1787854500198,1787880796473,LONG,80081.8,81353,262.708,tp
7,0.3,0.6,1.6,1787880960321,1787881750514,LONG,81177.4,80680.2,-113.557,sl
7,0.3,0.6,1.6,1787882400033,1787883725958,LONG,80505.4,80012.1,-112.28,sl
7,0.3,0.6,1.6,1787883900042,1787893314712,LONG,80075,79584.4,-110.979,sl
7,0.3,0.6,1.6,1787924220249,1787927691394,SHORT,79276.9,79282,-7.80072,be
7,0.3,0.6,1.6,1787928120077,1787932880777,SHORT,79491,78229,259.927,tp
7,0.3,0.6,1.6,1787933100235,1787937468914,SHORT,78057,78062.1,-7.99366,be
7,0.3,0.6,1.6,1787937960178,1787962092446,SHORT,77879.1,77884.1,-7.98026,be
7,0.3,0.6,1.6,1788093120069,1788122410678,LONG,78667.8,78662.2,-8.06469,be
7,0.3,0.6,1.6,1788122520317,1788123742367,LONG,78725.9,78243.4,-111.855,sl
7,0.3,0.6,1.6,1788125160480,1788132195615,LONG,78605,78123.4,-110.525,sl
7,0.3,0.6,1.6,1788132960373,1788134191267,SHORT,77655,77660.4,-7.86395,be
7,0.3,0.6,1.6,1788134400000,1788136525327,SHORT,77677,78153.1,-109.21,sl
7,0.3,0.6,1.6,1788138480392,1788160363618,SHORT,77689.8,78166,-107.953,sl
7,0.3,0.6,1.6,1788167880005,1788179111660,LONG,78705,78222.7,-106.601,sl
7,0.3,0.6,1.6,1788184680003,1788186662797,SHORT,77889.7,78099.6,-49.9839,daily_loss_limit
8,0.8,0.6,1.6,1785745560616,1785750912891,SHORT,62398.6,62783,-109.383,sl
8,0.8,0.6,1.6,1785765780290,1785818870605,LONG,63193.7,64194.9,254.315,tp
8,0.8,0.6,1.6,1785852060359,1785854300328,SHORT,63647,64039,-110.786,sl
8,0.8,0.6,1.6,1785858540110,1785886018395,LONG,64217,64275.8,8.60599,be
8,0.8,0.6,1.6,1785900300337,1785913808675,LONG,64124.1,64183.1,8.68966,be
8,0.8,0.6,1.6,1785936840338,1785937988594,SHORT,63914.2,64307.7,-109.524,sl
8,0.8,0.6,1.6,1785940980373,1785945287768,LONG,64363.7,64423,8.6135,be
8,0.8,0.6,1.6,1786024980394,1786027509701,SHORT,64443,64839.8,-108.271,sl
8,0.8,0.6,1.6,1786031760122,1786092130054,SHORT,64641.7,64582.6,8.40322,be
8,0.8,0.6,1.6,1786104720075,1786111502537,LONG,65237.4,64835.7,-106.975,sl
8,0.8,0.6,1.6,1786113420140,1786122079788,LONG,65197,64795.6,-105.732,sl
8,0.8,0.6,1.6,1786314000043,1786317750708,LONG,65315,64913.1,-104.431,sl
8,0.8,0.6,1.6,1786370040067,1786462704329,SHORT,64537,63514.3,243.48,tp
8,0.8,0.6,1.6,1786538460144,1786543326203,LONG,64129.6,63734.8,-105.867,sl
8,0.8,0.6,1.6,1786543500191,1786568332254,SHORT,63655,63596.6,8.27397,be
8,0.8,0.6,1.6,1786636920178,1786648069075,SHORT,63427,63432.2,-7.69399,be
8,0.8,0.6,1.6,1786648200270,1786935186772,SHORT,63474.4,63480,-7.77719,be
8,0.8,0.6,1.6,1786973640461,1787063053971,LONG,63704,64713.2,245.776,tp
8,0.8,0.6,1.6,1787063100096,1787063537249,LONG,64732.2,64791.9,8.52074,be
8,0.8,0.6,1.6,1787063760212,1787101346687,LONG,64836.3,64437.3,-106.954,sl
8,0.8,0.6,1.6,1787143200089,1787151280798,LONG,64729,65754.6,249.107,tp
8,0.8,0.6,1.6,1787151420014,1787153010776,LONG,65889,66933.1,255.396,tp
8,0.8,0.6,1.6,1787156340009,1787159312012,LONG,68676.3,68254.2,-110.935,sl
8,0.8,0.6,1.6,1787159400121,1787160382096,LONG,68316.3,67896.4,-109.666,sl
8,0.8,0.6,1.6,1787160420017,1787172640223,LONG,67923,69000,255.924,tp
8,0.8,0.6,1.6,1787172840083,1787173950920,LONG,69164,69159,-8.029,be
8,0.8,0.6,1.6,1787174100037,1787175554915,LONG,69439,69503.3,8.91225,be
8,0.8,0.6,1.6,1787176980434,1787178339245,LONG,69619,69191.3,-110.934,sl
8,0.8,0.6,1.6,1787178960052,1787179709009,LONG,69059,69123,8.826,be
8,0.8,0.6,1.6,1787182560033,1787188089661,LONG,69263,69327,8.7821,be
8,0.8,0.6,1.6,1787190900435,1787194253041,LONG,69718.5,69290,-109.744,sl
8,0.8,0.6,1.6,1787197800055,1787213280037,LONG,69260.8,70359,256.084,tp
8,0.8,0.6,1.6,1787214180303,1787220922625,LONG,71199,72328.2,262.574,tp
8,0.8,0.6,1.6,1787222220218,1787226913545,LONG,71899,71965.9,9.22112,be
8,0.8,0.6,1.6,1787228580259,1787233013027,LONG,71809.9,71369.1,-113.882,sl
8,0.8,0.6,1.6,1787233620287,1787235362512,LONG,71630,71696.6,9.12371,be
8,0.8,0.6,1.6,1787235540384,1787239938544,LONG,71665.8,72802.4,266.183,tp
8,0.8,0.6,1.6,1787240100052,1787245827274,LONG,72519.9,72587.3,9.34305,be
8,0.8,0.6,1.6,1787245920145,1787258558674,LONG,72634,72701.5,9.35816,be
8,0.8,0.6,1.6,1787260200063,1787271517677,LONG,72628,73780,272.992,tp
8,0.8,0.6,1.6,1787271660181,1787275094332,LONG,73665,74833.7,279.913,tp
8,0.8,0.6,1.6,1787276100015,1787278259086,LONG,74782.4,74777.3,-8.68496,be
8,0.8,0.6,1.6,1787278320015,1787281566845,LONG,74781.1,74322.2,-121.117,sl
8,0.8,0.6,1.6,1787281740006,1787292485455,LONG,74330.1,75509.5,283.249,tp
8,0.8,0.6,1.6,1787294100084,1787296593721,LONG,75642.5,76842.8,290.385,tp
8,0.8,0.6,1.6,1787297400071,1787298367962,LONG,76415.4,76486.5,10.2199,be
8,0.8,0.6,1.6,1787298420063,1787301747232,LONG,76564,77779,297.749,tp
8,0.8,0.6,1.6,1787301900164,1787302636651,LONG,77652.3,78884.8,305.272,tp
8,0.8,0.6,1.6,1787303400044,1787306233463,LONG,77838.9,77911.7,10.8157,be
8,0.8,0.6,1.6,1787307240192,1787310178035,LONG,78075.1,77596.2,-132.179,sl
8,0.8,0.6,1.6,1787310660076,1787311157073,LONG,77793.5,77316.8,-130.564,sl
8,0.8,0.6,1.6,1787311260119,1787311931743,LONG,77462.8,76987.7,-129.128,sl
8,0.8,0.6,1.6,1787312340636,1787313525276,LONG,77030.5,76558.3,-127.586,sl
8,0.8,0.6,1.6,1787314380422,1787319009491,LONG,76831.6,76825.8,-9.19878,be
8,0.8,0.6,1.6,1787319960033,1787320944420,LONG,77327,76853,-125.926,sl
8,0.8,0.6,1.6,1787322660015,1787328147048,LONG,77135,77129.9,-8.89318,be
8,0.8,0.6,1.6,1787328180124,1787332815043,LONG,77195,77267,10.1417,be
8,0.8,0.6,1.6,1787332920308,1787337918627,LONG,77313,76839.1,-124.309,sl
8,0.8,0.6,1.6,1787338500014,1787342412214,LONG,76849,76920.7,10.0324,be
8,0.8,0.6,1.6,1787342940486,1787347996803,LONG,77161.6,78386.1,291.183,tp
8,0.8,0.6,1.6,1787348460005,1787349710639,LONG,78142.7,78215.8,10.3316,be
8,0.8,0.6,1.6,1787350320300,1787351465951,LONG,78649.9,78168,-125.98,sl
8,0.8,0.6,1.6,1787351760573,1787354894351,LONG,78324.7,78398,10.217,be
8,0.8,0.6,1.6,1787359440095,1787363334239,LONG,77806.7,77879,10.0979,be
8,0.8,0.6,1.6,1787364060067,1787375382856,LONG,77914.3,77909.1,-8.90377,be
8,0.8,0.6,1.6,1787375640058,1787375861369,SHORT,77322.7,77250.4,10.1994,be
8,0.8,0.6,1.6,1787376120017,1787376941836,SHORT,76936.8,77408.7,-124.619,sl
8,0.8,0.6,1.6,1787377020023,1787377677422,SHORT,77399.2,77326.9,10.0761,be
8,0.8,0.6,1.6,1787378100042,1787402710516,SHORT,77350.9,77356.1,-8.79864,be
8,0.8,0.6,1.6,1787416920169,1787445221315,SHORT,77343,77270.8,10.0523,be
8,0.8,0.6,1.6,1787445720633,1787462093181,SHORT,77232.6,76006.7,291.446,tp
8,0.8,0.6,1.6,1787463240718,1787465948743,SHORT,76282.3,76211.1,10.3047,be
8,0.8,0.6,1.6,1787466301942,1787479601704,SHORT,76267,76734.8,-126.194,sl
8,0.8,0.6,1.6,1787479740294,1787484005442,SHORT,76671,77141.2,-124.718,sl
8,0.8,0.6,1.6,1787485380004,1787491803470,LONG,77322.8,77395,10.0619,be
8,0.8,0.6,1.6,1787492340035,1787496155241,LONG,77520.9,77045.6,-123.183,sl
8,0.8,0.6,1.6,1787496420131,1787508460006,LONG,77062.6,77134.6,9.95586,be
8,0.8,0.6,1.6,1787520240415,1787526137179,LONG,77963,77485,-121.79,sl
8,0.8,0.6,1.6,1787526901788,1787536574620,LONG,77475.6,77000.6,-120.371,sl
8,0.8,0.6,1.6,1787537400132,1787541303727,LONG,77127,77199,9.72231,be
8,0.8,0.6,1.6,1787542500245,1787559382972,LONG,77113.4,77108.4,-8.48098,be
8,0.8,0.6,1.6,1787559660248,1787565285917,SHORT,77123.8,77596.7,-118.942,sl
8,0.8,0.6,1.6,1787567700369,1787569279972,LONG,77981,77503.1,-117.422,sl
8,0.8,0.6,1.6,1787570100073,1787570100379,LONG,77824.1,77814.1,-9.39907,daily_loss_limit
8,0.8,0.6,1.6,1787616780391,1787624272124,LONG,79033.9,80288.4,274.672,tp
8,0.8,0.6,1.6,1787625000013,1787626204358,LONG,81015,80518.9,-118.715,sl
8,0.8,0.6,1.6,1787627400032,1787630216384,LONG,80863.9,80368.6,-117.369,sl
8,0.8,0.6,1.6,1787630340175,1787640048606,LONG,80444.6,80520,9.54133,be
8,0.8,0.6,1.6,1787641260796,1787644139864,LONG,80632.4,80138.6,-116.025,sl
8,0.8,0.6,1.6,1787644620037,1787648560682,LONG,79745.2,79819.8,9.42134,be
8,0.8,0.6,1.6,1787648820004,1787651488599,LONG,79772.8,79284.2,-114.733,sl
8,0.8,0.6,1.6,1787653560151,1787668164036,SHORT,79298.4,79303.5,-8.07681,be
8,0.8,0.6,1.6,1787669580054,1787680068686,SHORT,79297,79223,9.26924,be
8,0.8,0.6,1.6,1787686200223,1787696027161,SHORT,78928.9,78934,-8.07222,be
8,0.8,0.6,1.6,1787696100116,1787706334096,SHORT,78927.4,78853.6,9.29641,be
8,0.8,0.6,1.6,1787707260157,1787740778723,SHORT,78844.4,78770.7,9.26941,be
8,0.8,0.6,1.6,1787744400082,1787747437394,SHORT,78381,78307.7,9.28762,be
8,0.8,0.6,1.6,1787748060345,1787758160784,SHORT,78227.7,78154.4,9.30599,be
8,0.8,0.6,1.6,1787758560043,1787765236612,SHORT,77936.7,78414.3,-113.347,sl
8,0.8,0.6,1.6,1787772480470,1787787718873,SHORT,78541.3,79022.6,-112.017,sl
8,0.8,0.6,1.6,1787788380952,1787793458268,LONG,79078.6,78594.1,-110.652,sl
8,0.8,0.6,1.6,1787794500833,1787822719803,LONG,78878.8,80130.8,259.25,tp
8,0.8,0.6,1.6,1787822940311,1787824711927,LONG,80447,79954.2,-112.084,sl
8,0.8,0.6,1.6,1787825160057,1787826386153,LONG,80075,79584.4,-110.824,sl
8,0.8,0.6,1.6,1787828520391,1787837524075,LONG,79638.1,79150.4,-109.508,sl
8,0.8,0.6,1.6,1787837640028,1787843578036,LONG,79223,80480.5,256.673,tp
8,0.8,0.6,1.6,1787844540057,1787854431288,LONG,80630.8,80137,-110.94,sl
8,0.8,0.6,1.6,1787854500198,1787880796473,LONG,80081.8,81353,260.1,tp
8,0.8,0.6,1.6,1787880960321,1787881750514,LONG,81177.4,80680.2,-112.429,sl
8,0.8,0.6,1.6,1787882400033,1787883725958,LONG,80505.4,80012.1,-111.165,sl
8,0.8,0.6,1.6,1787883900042,1787893314712,LONG,80075,79584.4,-109.877,sl
8,0.8,0.6,1.6,1787924220249,1787927691394,SHORT,79276.9,79282,-7.72327,be
8,0.8,0.6,1.6,1787928120077,1787932880777,SHORT,79491,78229,257.346,tp
8,0.8,0.6,1.6,1787933100235,1787937468914,SHORT,78057,78062.1,-7.9143,be
8,0.8,0.6,1.6,1787937960178,1787962092446,SHORT,77879.1,77884.1,-7.90103,be
8,0.8,0.6,1.6,1788093120069,1788122410678,LONG,78667.8,78662.2,-7.98462,be
8,0.8,0.6,1.6,1788122520317,1788123742367,LONG,78725.9,78243.4,-110.745,sl
8,0.8,0.6,1.6,1788125160480,1788132195615,LONG,78605,78123.4,-109.428,sl
8,0.8,0.6,1.6,1788132960373,1788134191267,SHORT,77655,77660.4,-7.78587,be
8,0.8,0.6,1.6,1788134400000,1788136525327,SHORT,77677,78153.1,-108.126,sl
8,0.8,0.6,1.6,1788138480392,1788160363618,SHORT,77689.8,78166,-106.881,sl
8,0.8,0.6,1.6,1788167880005,1788179111660,LONG,78705,78222.7,-105.543,sl
8,0.8,0.6,1.6,1788184860630,1788185342735,SHORT,77839.1,78068.2,-53.4602,daily_loss_limit
9,0.5,0.6,1.6,1785745560616,1785750912891,SHORT,62398.6,62783,-109.383,sl
9,0.5,0.6,1.6,1785765780290,1785818870605,LONG,63193.7,64194.9,254.315,tp
9,0.5,0.6,1.6,1785852060359,1785854300328,SHORT,63647,64039,-110.786,sl
9,0.5,0.6,1.6,1785858540110,1785886018395,LONG,64217,64275.8,8.60599,be
9,0.5,0.6,1.6,1785900300337,1785913808675,LONG,64124.1,64183.1,8.68966,be
9,0.5,0.6,1.6,1785936840338,1785937988594,SHORT,63914.2,64307.7,-109.524,sl
9,0.5,0.6,1.6,1785939960184,1785943087875,LONG,64395,64454.4,8.60609,be
9,0.5,0.6,1.6,1785943260244,1785967406657,LONG,64589,64648.2,8.53404,be
9,0.5,0.6,1.6,1786024980394,1786027509701,SHORT,64443,64839.8,-108.293,sl
9,0.5,0.6,1.6,1786031760122,1786092130054,SHORT,64641.7,64582.6,8.40485,be
9,0.5,0.6,1.6,1786104720075,1786111502537,LONG,65237.4,64835.7,-106.995,sl
9,0.5,0.6,1.6,1786113420140,1786122079788,LONG,65197,64795.6,-105.752,sl
9,0.5,0.6,1.6,1786314000043,1786317750708,LONG,65315,64913.1,-104.451,sl
9,0.5,0.6,1.6,1786370040067,1786462704329,SHORT,64537,63514.3,243.527,tp
9,0.5,0.6,1.6,1786538220015,1786543278582,LONG,64185,63789.7,-105.94,sl
9,0.5,0.6,1.6,1786543500191,1786568332254,SHORT,63655,63596.6,8.27553,be
9,0.5,0.6,1.6,1786636920178,1786648069075,SHORT,63427,63432.2,-7.69544,be
9,0.5,0.6,1.6,1786648200270,1786935186772,SHORT,63474.4,63480,-7.77866,be
9,0.5,0.6,1.6,1786973640461,1787063053971,LONG,63704,64713.2,245.822,tp
9,0.5,0.6,1.6,1787063100096,1787063537249,LONG,64732.2,64791.9,8.52234,be
9,0.5,0.6,1.6,1787063760212,1787101346687,LONG,64836.3,64437.3,-106.974,sl
9,0.5,0.6,1.6,1787143200089,1787151280798,LONG,64729,65754.6,249.154,tp
9,0.5,0.6,1.6,1787151420014,1787153010776,LONG,65889,66933.1,255.444,tp
9,0.5,0.6,1.6,1787153940177,1787154249635,LONG,68496.2,68559.4,8.85496,be
9,0.5,0.6,1.6,1787156340009,1787159312012,LONG,68676.3,68254.2,-110.978,sl
9,0.5,0.6,1.6,1787159400121,1787160382096,LONG,68316.3,67896.4,-109.709,sl
9,0.5,0.6,1.6,1787160420017,1787172640223,LONG,67923,69000,256.024,tp
9,0.5,0.6,1.6,1787172840083,1787173950920,LONG,69164,69159,-8.03215,be
9,0.5,0.6,1.6,1787174100037,1787175554915,LONG,69439,69503.3,8.91575,be
9,0.5,0.6,1.6,1787176440206,1787177291001,LONG,69789,69360.2,-110.979,sl
9,0.5,0.6,1.6,1787177340154,1787178833339,LONG,69439,69012.2,-109.746,sl
9,0.5,0.6,1.6,1787178960052,1787179709009,LONG,69059,69123,8.72726,be
9,0.5,0.6,1.6,1787182560033,1787188089661,LONG,69263,69327,8.68386,be
9,0.5,0.6,1.6,1787190900435,1787194253041,LONG,69718.5,69290,-108.517,sl
9,0.5,0.6,1.6,1787197800055,1787213280037,LONG,69260.8,70359,253.219,tp
9,0.5,0.6,1.6,1787214180303,1787220922625,LONG,71199,72328.2,259.636,tp
9,0.5,0.6,1.6,1787222220218,1787226913545,LONG,71899,71965.9,9.11797,be
9,0.5,0.6,1.6,1787228580259,1787233013027,LONG,71809.9,71369.1,-112.608,sl
9,0.5,0.6,1.6,1787233620287,1787235362512,LONG,71630,71696.6,9.02164,be
9,0.5,0.6,1.6,1787235540384,1787239938544,LONG,71665.8,72802.4,263.205,tp
9,0.5,0.6,1.6,1787240100052,1787245827274,LONG,72519.9,72587.3,9.23852,be
9,0.5,0.6,1.6,1787245920145,1787258558674,LONG,72634,72701.5,9.25347,be
9,0.5,0.6,1.6,1787260200063,1787271517677,LONG,72628,73780,269.938,tp
9,0.5,0.6,1.6,1787271660181,1787275094332,LONG,73665,74833.7,276.782,tp
9,0.5,0.6,1.6,1787276100015,1787278259086,LONG,74782.4,74777.3,-8.5878,be
9,0.5,0.6,1.6,1787278320015,1787281566845,LONG,74781.1,74322.2,-119.762,sl
9,0.5,0.6,1.6,1787281740006,1787292485455,LONG,74330.1,75509.5,280.08,tp
9,0.5,0.6,1.6,1787294100084,1787296593721,LONG,75642.5,76842.8,287.136,tp
9,0.5,0.6,1.6,1787297400071,1787298367962,LONG,76415.4,76486.5,10.1055,be
9,0.5,0.6,1.6,1787298420063,1787301747232,LONG,76564,77779,294.418,tp
9,0.5,0.6,1.6,1787301900164,1787302636651,LONG,77652.3,78884.8,301.857,tp
9,0.5,0.6,1.6,1787303400044,1787306233463,LONG,77838.9,77911.7,10.6947,be
9,0.5,0.6,1.6,1787307240192,1787310178035,LONG,78075.1,77596.2,-130.701,sl
9,0.5,0.6,1.6,1787310660076,1787311157073,LONG,77793.5,77316.8,-129.103,sl
9,0.5,0.6,1.6,1787311260119,1787311931743,LONG,77462.8,76987.7,-127.683,sl
9,0.5,0.6,1.6,1787312340636,1787313525276,LONG,77030.5,76558.3,-126.158,sl
9,0.5,0.6,1.6,1787314380422,1787319009491,LONG,76831.6,76825.8,-9.09587,be
9,0.5,0.6,1.6,1787319960033,1787320944420,LONG,77327,76853,-124.518,sl
9,0.5,0.6,1.6,1787322660015,1787328147048,LONG,77135,77129.9,-8.79369,be
9,0.5,0.6,1.6,1787328180124,1787332815043,LONG,77195,77267,10.0282,be
9,0.5,0.6,1.6,1787332920308,1787337918627,LONG,77313,76839.1,-122.919,sl
9,0.5,0.6,1.6,1787338500014,1787342412214,LONG,76849,76920.7,9.92014,be
9,0.5,0.6,1.6,1787342940486,1787347996803,LONG,77161.6,78386.1,287.925,tp
9,0.5,0.6,1.6,1787348460005,1787349710639,LONG,78142.7,78215.8,10.216,be
9,0.5,0.6,1.6,1787350320300,1787351465951,LONG,78649.9,78168,-124.571,sl
9,0.5,0.6,1.6,1787351760573,1787354894351,LONG,78324.7,78398,10.1027,be
9,0.5,0.6,1.6,1787358060640,1787375350451,LONG,78079,78073.8,-8.80929,be
9,0.5,0.6,1.6,1787375640058,1787375861369,SHORT,77322.7,77250.4,10.0831,be
9,0.5,0.6,1.6,1787376120017,1787376941836,SHORT,76936.8,77408.7,-123.199,sl
9,0.5,0.6,1.6,1787377020023,1787377677422,SHORT,77399.2,77326.9,9.96124,be
9,0.5,0.6,1.6,1787377800034,1787402927620,SHORT,77371.5,77376.6,-8.67391,be
9,0.5,0.6,1.6,1787416920169,1787445221315,SHORT,77343,77270.8,9.93768,be
9,0.5,0.6,1.6,1787445720633,1787462093181,SHORT,77232.6,76006.7,288.124,tp
9,0.5,0.6,1.6,1787463240718,1787465948743,SHORT,76282.3,76211.1,10.1872,be
9,0.5,0.6,1.6,1787466301942,1787479601704,SHORT,76267,76734.8,-124.756,sl
9,0.5,0.6,1.6,1787479740294,1787484005442,SHORT,76671,77141.2,-123.297,sl
9,0.5,0.6,1.6,1787485380004,1787491803470,LONG,77322.8,77395,9.94719,be
9,0.5,0.6,1.6,1787492340035,1787496155241,LONG,77520.9,77045.6,-121.779,sl
9,0.5,0.6,1.6,1787496420131,1787508460006,LONG,77062.6,77134.6,9.84238,be
9,0.5,0.6,1.6,1787520240415,1787526137179,LONG,77963,77485,-120.402,sl
9,0.5,0.6,1.6,1787526901788,1787536574620,LONG,77475.6,77000.6,-118.999,sl
9,0.5,0.6,1.6,1787537400132,1787541303727,LONG,77127,77199,9.61149,be
9,0.5,0.6,1.6,1787542500245,1787559382972,LONG,77113.4,77108.4,-8.38431,be
9,0.5,0.6,1.6,1787559660248,1787565285917,SHORT,77123.8,77596.7,-117.587,sl
9,0.5,0.6,1.6,1787567700369,1787569279972,LONG,77981,77503.1,-116.083,sl
9,0.5,0.6,1.6,1787570100073,1787570101675,LONG,77824.1,77798.4,-12.8378,daily_loss_limit
9,0.5,0.6,1.6,1787616780391,1787624272124,LONG,79033.9,80288.4,271.45,tp
9,0.5,0.6,1.6,1787625000013,1787626204358,LONG,81015,80518.9,-117.322,sl
9,0.5,0.6,1.6,1787627400032,1787630216384,LONG,80863.9,80368.6,-115.992,sl
9,0.5,0.6,1.6,1787630340175,1787640048606,LONG,80444.6,80520,9.42941,be
9,0.5,0.6,1.6,1787641260796,1787644139864,LONG,80632.4,80138.6,-114.664,sl
9,0.5,0.6,1.6,1787644620037,1787648560682,LONG,79745.2,79819.8,9.31082,be
9,0.5,0.6,1.6,1787648820004,1787651488599,LONG,79772.8,79284.2,-113.388,sl
9,0.5,0.6,1.6,1787652840191,1787668163955,SHORT,79287,79292,-7.95838,be
9,0.5,0.6,1.6,1787669580054,1787680068686,SHORT,79297,79223,9.16053,be
9,0.5,0.6,1.6,1787686200223,1787696027161,SHORT,78928.9,78934,-7.97755,be
9,0.5,0.6,1.6,1787696100116,1787706334096,SHORT,78927.4,78853.6,9.18738,be
9,0.5,0.6,1.6,1787707260157,1787740778723,SHORT,78844.4,78770.7,9.16069,be
9,0.5,0.6,1.6,1787744400082,1787747437394,SHORT,78381,78307.7,9.17869,be
9,0.5,0.6,1.6,1787748060345,1787758160784,SHORT,78227.7,78154.4,9.19685,be
9,0.5,0.6,1.6,1787758560043,1787765236612,SHORT,77936.7,78414.3,-112.018,sl
9,0.5,0.6,1.6,1787772480470,1787787718873,SHORT,78541.3,79022.6,-110.703,sl
9,0.5,0.6,1.6,1787788380952,1787793458268,LONG,79078.6,78594.1,-109.354,sl
9,0.5,0.6,1.6,1787794500833,1787822719803,LONG,78878.8,80130.8,256.209,tp
9,0.5,0.6,1.6,1787822940311,1787824711927,LONG,80447,79954.2,-110.769,sl
9,0.5,0.6,1.6,1787825160057,1787826386153,LONG,80075,79584.4,-109.524,sl
9,0.5,0.6,1.6,1787828520391,1787837524075,LONG,79638.1,79150.4,-108.224,sl
9,0.5,0.6,1.6,1787837640028,1787843578036,LONG,79223,80480.5,253.663,tp
9,0.5,0.6,1.6,1787844540057,1787854431288,LONG,80630.8,80137,-109.639,sl
9,0.5,0.6,1.6,1787854500198,1787880796473,LONG,80081.8,81353,257.049,tp
9,0.5,0.6,1.6,1787880960321,1787881750514,LONG,81177.4,80680.2,-111.111,sl
9,0.5,0.6,1.6,1787882400033,1787883725958,LONG,80505.4,80012.1,-109.861,sl
9,0.5,0.6,1.6,1787883900042,1787893314712,LONG,80075,79584.4,-108.589,sl
9,0.5,0.6,1.6,1787924220249,1787927691394,SHORT,79276.9,79282,-7.63269,be
9,0.5,0.6,1.6,1787928120077,1787932880777,SHORT,79491,78229,254.328,tp
9,0.5,0.6,1.6,1787933100235,1787937468914,SHORT,78057,78062.1,-7.82147,be
9,0.5,0.6,1.6,1787937960178,1787962092446,SHORT,77879.1,77884.1,-7.80836,be
9,0.5,0.6,1.6,1788093120069,1788122410678,LONG,78667.8,78662.2,-7.89098,be
9,0.5,0.6,1.6,1788122520317,1788123742367,LONG,78725.9,78243.4,-109.446,sl
9,0.5,0.6,1.6,1788125160480,1788132195615,LONG,78605,78123.4,-108.144,sl
9,0.5,0.6,1.6,1788132960373,1788134191267,SHORT,77655,77660.4,-7.69455,be
9,0.5,0.6,1.6,1788134400000,1788136525327,SHORT,77677,78153.1,-106.858,sl
9,0.5,0.6,1.6,1788138480392,1788160363618,SHORT,77689.8,78166,-105.628,sl
9,0.5,0.6,1.6,1788167880005,1788179111660,LONG,78705,78222.7,-104.305,sl
9,0.5,0.6,1.6,1788184860630,1788186661842,SHORT,77839.1,78091.3,-57.5234,daily_loss_limit
10,0.6,0.6,1.6,1785745560616,1785750912891,SHORT,62398.6,62783,-109.383,sl
10,0.6,0.6,1.6,1785765780290,1785818870605,LONG,63193.7,64194.9,254.315,tp
10,0.6,0.6,1.6,1785852060359,1785854300328,SHORT,63647,64039,-110.786,sl
10,0.6,0.6,1.6,1785858540110,1785886018395,LONG,64217,64275.8,8.60599,be
10,0.6,0.6,1.6,1785900300337,1785913808675,LONG,64124.1,64183.1,8.68966,be
10,0.6,0.6,1.6,1785936840338,1785937988594,SHORT,63914.2,64307.7,-109.524,sl
10,0.6,0.6,1.6,1785939960184,1785943087875,LONG,64395,64454.4,8.60609,be
10,0.6,0.6,1.6,1785943260244,1785967406657,LONG,64589,64648.2,8.53404,be
10,0.6,0.6,1.6,1786024980394,1786027509701,SHORT,64443,64839.8,-108.293,sl
10,0.6,0.6,1.6,1786031760122,1786092130054,SHORT,64641.7,64582.6,8.40485,be
10,0.6,0.6,1.6,1786104720075,1786111502537,LONG,65237.4,64835.7,-106.995,sl
10,0.6,0.6,1.6,1786113420140,1786122079788,LONG,65197,64795.6,-105.752,sl
10,0.6,0.6,1.6,1786314000043,1786317750708,LONG,65315,64913.1,-104.451,sl
10,0.6,0.6,1.6,1786370040067,1786462704329,SHORT,64537,63514.3,243.527,tp
10,0.6,0.6,1.6,1786538220015,1786543278582,LONG,64185,63789.7,-105.94,sl
10,0.6,0.6,1.6,1786543500191,1786568332254,SHORT,63655,63596.6,8.27553,be
10,0.6,0.6,1.6,1786636920178,1786648069075,SHORT,63427,63432.2,-7.69544,be
10,0.6,0.6,1.6,1786648200270,1786935186772,SHORT,63474.4,63480,-7.77866,be
10,0.6,0.6,1.6,1786973640461,1787063053971,LONG,63704,64713.2,245.822,tp
10,0.6,0.6,1.6,1787063100096,1787063537249,LONG,64732.2,64791.9,8.52234,be
10,0.6,0.6,1.6,1787063760212,1787101346687,LONG,64836.3,64437.3,-106.974,sl
10,0.6,0.6,1.6,1787143200089,1787151280798,LONG,64729,65754.6,249.154,tp
10,0.6,0.6,1.6,1787151420014,1787153010776,LONG,65889,66933.1,255.444,tp
10,0.6,0.6,1.6,1787153940177,1787154249635,LONG,68496.2,68559.4,8.85496,be
10,0.6,0.6,1.6,1787156340009,1787159312012,LONG,68676.3,68254.2,-110.978,sl
10,0.6,0.6,1.6,1787159400121,1787160382096,LONG,68316.3,67896.4,-109.709,sl
10,0.6,0.6,1.6,1787160420017,1787172640223,LONG,67923,69000,256.024,tp
10,0.6,0.6,1.6,1787172840083,1787173950920,LONG,69164,69159,-8.03215,be
10,0.6,0.6,1.6,1787174100037,1787175554915,LONG,69439,69503.3,8.91575,be
10,0.6,0.6,1.6,1787176440206,1787177291001,LONG,69789,69360.2,-110.979,sl
10,0.6,0.6,1.6,1787177340154,1787178833339,LONG,69439,69012.2,-109.746,sl
10,0.6,0.6,1.6,1787178960052,1787179709009,LONG,69059,69123,8.72726,be
10,0.6,0.6,1.6,1787182560033,1787188089661,LONG,69263,69327,8.68386,be
10,0.6,0.6,1.6,1787190900435,1787194253041,LONG,69718.5,69290,-108.517,sl
10,0.6,0.6,1.6,1787197800055,1787213280037,LONG,69260.8,70359,253.219,tp
10,0.6,0.6,1.6,1787214180303,1787220922625,LONG,71199,72328.2,259.636,tp
10,0.6,0.6,1.6,1787222220218,1787226913545,LONG,71899,71965.9,9.11797,be
10,0.6,0.6,1.6,1787228580259,1787233013027,LONG,71809.9,71369.1,-112.608,sl
10,0.6,0.6,1.6,1787233620287,1787235362512,LONG,71630,71696.6,9.02164,be
10,0.6,0.6,1.6,1787235540384,1787239938544,LONG,71665.8,72802.4,263.205,tp
10,0.6,0.6,1.6,1787240100052,1787245827274,LONG,72519.9,72587.3,9.23852,be
10,0.6,0.6,1.6,1787245920145,1787258558674,LONG,72634,72701.5,9.25347,be
10,0.6,0.6,1.6,1787260200063,1787271517677,LONG,72628,73780,269.938,tp
10,0.6,0.6,1.6,1787271660181,1787275094332,LONG,73665,74833.7,276.782,tp
10,0.6,0.6,1.6,1787276100015,1787278259086,LONG,74782.4,74777.3,-8.5878,be
10,0.6,0.6,1.6,1787278320015,1787281566845,LONG,74781.1,74322.2,-119.762,sl
10,0.6,0.6,1.6,1787281740006,1787292485455,LONG,74330.1,75509.5,280.08,tp
10,0.6,0.6,1.6,1787294100084,1787296593721,LONG,75642.5,76842.8,287.136,tp
10,0.6,0.6,1.6,1787297400071,1787298367962,LONG,76415.4,76486.5,10.1055,be
10,0.6,0.6,1.6,1787298420063,1787301747232,LONG,76564,77779,294.418,tp
10,0.6,0.6,1.6,1787301900164,1787302636651,LONG,77652.3,78884.8,301.857,tp
10,0.6,0.6,1.6,1787303400044,1787306233463,LONG,77838.9,77911.7,10.6947,be
10,0.6,0.6,1.6,1787307240192,1787310178035,LONG,78075.1,77596.2,-130.701,sl
10,0.6,0.6,1.6,1787310660076,1787311157073,LONG,77793.5,77316.8,-129.103,sl
10,0.6,0.6,1.6,1787311260119,1787311931743,LONG,77462.8,76987.7,-127.683,sl
10,0.6,0.6,1.6,1787312340636,1787313525276,LONG,77030.5,76558.3,-126.158,sl
10,0.6,0.6,1.6,1787314380422,1787319009491,LONG,76831.6,76825.8,-9.09587,be
10,0.6,0.6,1.6,1787319960033,1787320944420,LONG,77327,76853,-124.518,sl
10,0.6,0.6,1.6,1787322660015,1787328147048,LONG,77135,77129.9,-8.79369,be
10,0.6,0.6,1.6,1787328180124,1787332815043,LONG,77195,77267,10.0282,be
10,0.6,0.6,1.6,1787332920308,1787337918627,LONG,77313,76839.1,-122.919,sl
10,0.6,0.6,1.6,1787338500014,1787342412214,LONG,76849,76920.7,9.92014,be
10,0.6,0.6,1.6,1787342940486,1787347996803,LONG,77161.6,78386.1,287.925,tp
10,0.6,0.6,1.6,1787348460005,1787349710639,LONG,78142.7,78215.8,10.216,be
10,0.6,0.6,1.6,1787350320300,1787351465951,LONG,78649.9,78168,-124.571,sl
10,0.6,0.6,1.6,1787351760573,1787354894351,LONG,78324.7,78398,10.1027,be
10,0.6,0.6,1.6,1787358060640,1787375350451,LONG,78079,78073.8,-8.80929,be
10,0.6,0.6,1.6,1787375640058,1787375861369,SHORT,77322.7,77250.4,10.0831,be
10,0.6,0.6,1.6,1787376120017,1787376941836,SHORT,76936.8,77408.7,-123.199,sl
10,0.6,0.6,1.6,1787377020023,1787377677422,SHORT,77399.2,77326.9,9.96124,be
10,0.6,0.6,1.6,1787377800034,1787402927620,SHORT,77371.5,77376.6,-8.67391,be
10,0.6,0.6,1.6,1787416920169,1787445221315,SHORT,77343,77270.8,9.93768,be
10,0.6,0.6,1.6,1787445720633,1787462093181,SHORT,77232.6,76006.7,288.124,tp
10,0.6,0.6,1.6,1787463240718,1787465948743,SHORT,76282.3,76211.1,10.1872,be
10,0.6,0.6,1.6,1787466301942,1787479601704,SHORT,76267,76734.8,-124.756,sl
10,0.6,0.6,1.6,1787479740294,1787484005442,SHORT,76671,77141.2,-123.297,sl
10,0.6,0.6,1.6,1787485380004,1787491803470,LONG,77322.8,77395,9.94719,be
10,0.6,0.6,1.6,1787492340035,1787496155241,LONG,77520.9,77045.6,-121.779,sl
10,0.6,0.6,1.6,1787496420131,1787508460006,LONG,77062.6,77134.6,9.84238,be
10,0.6,0.6,1.6,1787520240415,1787526137179,LONG,77963,77485,-120.402,sl
10,0.6,0.6,1.6,1787526901788,1787536574620,LONG,77475.6,77000.6,-118.999,sl
10,0.6,0.6,1.6,1787537400132,1787541303727,LONG,77127,77199,9.61149,be
10,0.6,0.6,1.6,1787542500245,1787559382972,LONG,77113.4,77108.4,-8.38431,be
10,0.6,0.6,1.6,1787559660248,1787565285917,SHORT,77123.8,77596.7,-117.587,sl
10,0.6,0.6,1.6,1787567700369,1787569279972,LONG,77981,77503.1,-116.083,sl
10,0.6,0.6,1.6,1787570100073,1787570101675,LONG,77824.1,77798.4,-12.8378,daily_loss_limit
10,0.6,0.6,1.6,1787616780391,1787624272124,LONG,79033.9,80288.4,271.45,tp
10,0.6,0.6,1.6,1787625000013,1787626204358,LONG,81015,80518.9,-117.322,sl
10,0.6,0.6,1.6,1787627400032,1787630216384,LONG,80863.9,80368.6,-115.992,sl
10,0.6,0.6,1.6,1787630340175,1787640048606,LONG,80444.6,80520,9.42941,be
10,0.6,0.6,1.6,1787641260796,1787644139864,LONG,80632.4,80138.6,-114.664,sl
10,0.6,0.6,1.6,1787644620037,1787648560682,LONG,79745.2,79819.8,9.31082,be
10,0.6,0.6,1.6,1787648820004,1787651488599,LONG,79772.8,79284.2,-113.388,sl
10,0.6,0.6,1.6,1787652840191,1787668163955,SHORT,79287,79292,-7.95838,be
10,0.6,0.6,1.6,1787669580054,1787680068686,SHORT,79297,79223,9.16053,be
10,0.6,0.6,1.6,1787686200223,1787696027161,SHORT,78928.9,78934,-7.97755,be
10,0.6,0.6,1.6,1787696100116,1787706334096,SHORT,78927.4,78853.6,9.18738,be
10,0.6,0.6,1.6,1787707260157,1787740778723,SHORT,78844.4,78770.7,9.16069,be
10,0.6,0.6,1.6,1787744400082,1787747437394,SHORT,78381,78307.7,9.17869,be
10,0.6,0.6,1.6,1787748060345,1787758160784,SHORT,78227.7,78154.4,9.19685,be
10,0.6,0.6,1.6,1787758560043,1787765236612,SHORT,77936.7,78414.3,-112.018,sl
10,0.6,0.6,1.6,1787772480470,1787787718873,SHORT,78541.3,79022.6,-110.703,sl
10,0.6,0.6,1.6,1787788380952,1787793458268,LONG,79078.6,78594.1,-109.354,sl
10,0.6,0.6,1.6,1787794500833,1787822719803,LONG,78878.8,80130.8,256.209,tp
10,0.6,0.6,1.6,1787822940311,1787824711927,LONG,80447,79954.2,-110.769,sl
10,0.6,0.6,1.6,1787825160057,1787826386153,LONG,80075,79584.4,-109.524,sl
10,0.6,0.6,1.6,1787828520391,1787837524075,LONG,79638.1,79150.4,-108.224,sl
10,0.6,0.6,1.6,1787837640028,1787843578036,LONG,79223,80480.5,253.663,tp
10,0.6,0.6,1.6,1787844540057,1787854431288,LONG,80630.8,80137,-109.639,sl
10,0.6,0.6,1.6,1787854500198,1787880796473,LONG,80081.8,81353,257.049,tp
10,0.6,0.6,1.6,1787880960321,1787881750514,LONG,81177.4,80680.2,-111.111,sl
10,0.6,0.6,1.6,1787882400033,1787883725958,LONG,80505.4,80012.1,-109.861,sl
10,0.6,0.6,1.6,1787883900042,1787893314712,LONG,80075,79584.4,-108.589,sl
10,0.6,0.6,1.6,1787924220249,1787927691394,SHORT,79276.9,79282,-7.63269,be
10,0.6,0.6,1.6,1787928120077,1787932880777,SHORT,79491,78229,254.328,tp
10,0.6,0.6,1.6,1787933100235,1787937468914,SHORT,78057,78062.1,-7.82147,be
10,0.6,0.6,1.6,1787937960178,1787962092446,SHORT,77879.1,77884.1,-7.80836,be
10,0.6,0.6,1.6,1788093120069,1788122410678,LONG,78667.8,78662.2,-7.89098,be
10,0.6,0.6,1.6,1788122520317,1788123742367,LONG,78725.9,78243.4,-109.446,sl
10,0.6,0.6,1.6,1788125160480,1788132195615,LONG,78605,78123.4,-108.144,sl
10,0.6,0.6,1.6,1788132960373,1788134191267,SHORT,77655,77660.4,-7.69455,be
10,0.6,0.6,1.6,1788134400000,1788136525327,SHORT,77677,78153.1,-106.858,sl
10,0.6,0.6,1.6,1788138480392,1788160363618,SHORT,77689.8,78166,-105.628,sl
10,0.6,0.6,1.6,1788167880005,1788179111660,LONG,78705,78222.7,-104.305,sl
10,0.6,0.6,1.6,1788184860630,1788186661842,SHORT,77839.1,78091.3,-57.5234,daily_loss_limit
